cluster,titre,artiste,type
0,telepatía,Kali Uchis,connu
0,Territorial,Kali Uchis,connu
0,1AM FREESTYLE,Joji,connu
0,1AM FREESTYLE,Joji,connu
0,Given Up On Me,The Weeknd,connu
0,Faith,The Weeknd,connu
0,Pink Matter,Frank Ocean,connu
0,Pink Matter,Frank Ocean,connu
0,Poison,Brent Faiyaz,connu
0,Poison,Brent Faiyaz,connu
0,Kill Bill,SZA,connu
0,Kill Bill,SZA,connu
0,Cherish the Day,Sade,connu
0,Pearls,Sade,connu
0,DEEP IN YOUR SOUL,alan vuong,connu
0,TOO LATE FOR YOU,alan vuong,connu
0,Midsummer Madness,88rising,decouverte
0,DEEP IN YOUR SOUL,Alan Vuong,decouverte
0,SAD GIRLZ LUV MONEY Remix (feat. Kali Uchis and Moliy),Amaarae,decouverte
0,Shameless,Avenoir,decouverte
0,CUFF IT,Beyoncé,decouverte
0,Sacrifice (feat. Jessie Reyez),Black Atlass,decouverte
0,Locked Out of Heaven,Bruno Mars,decouverte
0,I'd Rather Pretend,Bryant Barnes,decouverte
0,too far close,Chase Shakur,decouverte
0,Do It,Chloe x Halle,decouverte
0,Get You (feat. Kali Uchis),Daniel Caesar,decouverte
0,DENIAL IS A RIVER,Doechii,decouverte
0,Kiss Me More (feat. SZA),Doja Cat,decouverte
0,TWENTIES,Givēon,decouverte
0,Hmu,Greek,decouverte
0,Sativa,Jhené Aiko,decouverte
0,SWV,Karri,decouverte
0,Folded,Kehlani,decouverte
0,Intergalactic Janet,Ley Soul,decouverte
0,Stars Align (with Drake),Majid Jordan,decouverte
0,Spread Thin,Mariah the Scientist,decouverte
0,Sure Thing,Miguel,decouverte
0,TWENTY NIGHTS,Nobu Woods,decouverte
0,Evergreen (You Didn’t Deserve Me At All),Omar Apollo,decouverte
0,Language,Paperboy Fabe,decouverte
0,Can't Leave Alone (feat. Avenoir & Maz B),Pino,decouverte
0,Temptation,Raveena,decouverte
0,Love Me Not,Ravyn Lenae,decouverte
0,(No One Knows Me) Like the Piano,Sampha,decouverte
0,Losing You,Solange,decouverte
0,What You Heard,Sonder,decouverte
0,Girls Need Love (with Drake) - Remix,Summer Walker,decouverte
0,The After Party,Tona Glover,decouverte
1,Champagne Poetry,Drake,connu
1,ATM,Don Toliver,connu
1,Alright,Kendrick Lamar,connu
1,OK (feat. Don Toliver),Kanye West,connu
1,MAFIA,Travis Scott,connu
1,WHARF TALK (feat. A$AP Rocky),"Tyler, The Creator",connu
1,a lot,21 Savage,connu
1,HELICOPTER,A$AP Rocky,connu
1,War Over Land,JPEGMAFIA,connu
1,Love Yourz,J. Cole,connu
1,No Security,Baby Keem,connu
1,Les,Childish Gambino,connu
1,Too Many Nights (feat. Don Toliver & with Future),Metro Boomin,connu
1,"God Is Fair, Sexy Nasty (feat. Kendrick Lamar)",Mac Miller,connu
1,ILoveUIHateU,Playboi Carti,connu
1,Million Dollar Minion,Yeat,connu
1,Glock In My Lap,21 Savage & Metro Boomin,decouverte
1,That's Life (feat. Mac Miller & Sia),88-Keys,decouverte
1,"Frat Rules (feat. A$AP Rocky, Playboi Carti & Big Sean)",A$AP Mob,decouverte
1,REEL IT IN,Aminé,decouverte
1,RedFlag,ApolloRed1,decouverte
1,GO AGAIN (feat. Superheaven),BNYX®,decouverte
1,SUGAR,BROCKHAMPTON,decouverte
1,Tribe (with J. Cole),Bas,decouverte
1,UOENO,Black Hippy,decouverte
1,Don't,Bryson Tiller,decouverte
1,"Rip (feat. Tyler, The Creator)",Casey Veggies,decouverte
1,Cocoa Butter Kisses,Chance the Rapper,decouverte
1,Miley Cyrus,Che,decouverte
1,Not That I'm Anywhere,Cities Aviv,decouverte
1,Don't Forget 'Em (Remix) [feat. Kanye West],Consequence,decouverte
1,RNP (feat. Anderson .Paak),Cordae,decouverte
1,Zendaya (feat. J. Cole),Cozz,decouverte
1,Wild Thoughts (feat. Rihanna & Bryson Tiller),DJ Khaled,decouverte
1,530,DONDA,decouverte
1,Ain't it Funny,Danny Brown,decouverte
1,Get Got,Death Grips,decouverte
1,Walkin,Denzel Curry,decouverte
1,NOSTYLIST,Destroy Lonely,decouverte
1,Sakura,Devon Hendryx,decouverte
1,Coming Back (Feat. Mac Miller),Domo Genesis,decouverte
1,Jumpman,Drake & Future,decouverte
1,Under the Sun (with J. Cole & Lute feat. DaBaby),Dreamville,decouverte
1,Silk & Cologne (EI8HT & Offset) - Spider-Verse Remix,EI8HT,decouverte
1,Riot!,Earl Sweatshirt,decouverte
1,Like That,Future,decouverte
1,Fuck the Nordic Model,Ghais Guevara,decouverte
1,fukumean,Gunna,decouverte
1,Lifestyle,Homixide Gang,decouverte
2,Reflections,The Neighbourhood,connu
2,Cigarettes out the Window,TV Girl,connu
2,Dontmakemefallinlove,Cuco,connu
2,Stevie Doesn't Wonder,Hotel Ugly,connu
2,So Cold,Balu Brigada,connu
2,PPP,Beach House,connu
2,Lauren,Men I Trust,connu
2,My Kind of Woman,Mac DeMarco,connu
2,Mrs Magic,Strawberry Guy,connu
2,Gamesofluck,Parcels,connu
2,Warp Drive,The Symposium,connu
2,Run Your Mouth,The Marías,connu
2,Telephones,Vacations,connu
2,If I Ever Feel Better,Phoenix,connu
2,Heaven Knows,54 Ultra,decouverte
2,Sarah,Alex G,decouverte
2,can't slow down,Almost Monday,decouverte
2,"Archie, Marry Me",Alvvays,decouverte
2,Trojans,Atlas Genius,decouverte
2,You Say I'm in Love,Banes World,decouverte
2,"Sex, Drugs, Etc.",Beach Weather,decouverte
2,Monodrama,Benches,decouverte
2,5AM Empanada with You,Bubble Tea and Cigarettes,decouverte
2,Sodus,Cemeteries,decouverte
2,Apocalypse,Cigarettes After Sex,decouverte
2,Bags,Clairo,decouverte
2,Cherry-Coloured Funk,Cocteau Twins,decouverte
2,Talk Too Much,Coin,decouverte
2,Ghostride,Crumb,decouverte
2,Always Forever,Cults,decouverte
2,Blondie,Current Joys,decouverte
2,Can I Call You Tonight?,Dayglow,decouverte
2,welcome and goodbye,"Dream, Ivory",decouverte
2,This Head I Hold,Electric Guest,decouverte
2,Jealous,Eyedress,decouverte
2,Sink into the Floor,Feng Suave,decouverte
2,Dopamine,Franc Moody,decouverte
2,Paris,Friendly Fires,decouverte
2,Warned You,Good Morning,decouverte
2,Home,Good Neighbours,decouverte
2,Tongue Tied,Grouplove,decouverte
2,Every Single Thing,HOMESHAKE,decouverte
2,Swing Lynn,Harmless,decouverte
2,Patience (Composer Demo),Henry Krieger,decouverte
2,What Once Was,Her's,decouverte
2,Gutter Girl,Hot Flash Heat Wave,decouverte
2,American Spirits,Inner Wave,decouverte
3,Digital Love,Daft Punk,connu
3,Voyager,Daft Punk,connu
3,Digital Love,Daft Punk,connu
3,Souk Eye,Gorillaz,connu
3,Souk Eye,Gorillaz,connu
3,Souk Eye,Gorillaz,connu
3,Neverender,Justice,connu
3,One Night/All Night,Justice,connu
3,Neverender - Kaytranada Remix,Justice,connu
3,Candlelight,Thundercat,connu
3,No More Lies,Thundercat,connu
3,I Wish I Didn’t Waste Your Time,Thundercat,connu
3,When You Die,MGMT,connu
3,Indie Rokkers,MGMT,connu
3,When You Die,MGMT,connu
3,Beautiful (with Joji),Anyma,connu
3,Beautiful (with Joji),Anyma,connu
3,Best of Me - Radio Edit,ARTBAT,decouverte
3,The Mirage,Agents Of Time,decouverte
3,Intro,Alan Braxe & Fred Falke,decouverte
3,Falling For You,Amelie Lens,decouverte
3,Come Down,Anderson .Paak,decouverte
3,My Girls,Animal Collective,decouverte
3,This Is What It Feels Like,Armin van Buuren,decouverte
3,Loser,Beck,decouverte
3,Champagne Coast,Blood Orange,decouverte
3,Baby I'm Yours,Breakbot,decouverte
3,Rainbow Man,Busy P,decouverte
3,I <3 U So,Cassius,decouverte
3,Resolve,Colyn,decouverte
3,"PiLOT (feat. Snoop Dogg, Busta Rhymes, Anderson .Paak)",DOMi & JD Beck,decouverte
3,Everyday Robots,Damon Albarn,decouverte
3,Pogo,Digitalism,decouverte
3,Fantasy,DyE,decouverte
3,Lovelovelove,Flea,decouverte
3,Pumped Up Kicks,Foster the People,decouverte
3,Shuggie,Foxygen,decouverte
3,Time,Free Nationals,decouverte
3,Lost in the Fire (feat. The Weeknd),Gesaffelstein,decouverte
3,He Could Never Love You,Henry Morris,decouverte
3,Red Room,Hiatus Kaiyote,decouverte
3,Golden,Jill Scott,decouverte
3,Nightcall,Kavinsky,decouverte
3,Metro,Kevin De Vries,decouverte
3,Grey,Kölsch,decouverte
3,Dance Yrself Clean,LCD Soundsystem,decouverte
3,Last Night,Loofy,decouverte
3,Thinking,Louis Cole,decouverte
3,I Miss You So,Minova,decouverte
3,Lady - Hear me tonight,Modjo,decouverte
4,Space Dementia,Muse,connu
4,Space Dementia,Muse,connu
4,Space Dementia,Muse,connu
4,One Way Trigger,The Strokes,connu
4,One Way Trigger,The Strokes,connu
4,One Way Trigger,The Strokes,connu
4,(Nice Dream),Radiohead,connu
4,(Nice Dream),Radiohead,connu
4,(Nice Dream),Radiohead,connu
4,The Eternal Tao 2.0,The Voidz,connu
4,The Eternal Tao 2.0,The Voidz,connu
4,The Eternal Tao 2.0,The Voidz,connu
4,Tranquility Base Hotel & Casino,Arctic Monkeys,connu
4,Why'd You Only Call Me When You're High?,Arctic Monkeys,connu
4,Smells Like Teen Spirit - Remastered,Nirvana,connu
4,In Bloom - Remastered,Nirvana,connu
4,If I Get High,Nothing But Thieves,connu
4,The Kill,30 Seconds to Mars,decouverte
4,Reckless Tongue,Airways,decouverte
4,In Transit,"Albert Hammond, Jr.",decouverte
4,Stuck on the Puzzle,Alex Turner,decouverte
4,Can't Help Myself,Alexandra Savior,decouverte
4,Nutshell,Alice in Chains,decouverte
4,Ingenue,Atoms for Peace,decouverte
4,July,Betcha,decouverte
4,Song 2,Blur,decouverte
4,Cigarette Daydreams,Cage the Elephant,decouverte
4,Kathleen,Catfish and the Bottlemen,decouverte
4,Viva la Vida,Coldplay,decouverte
4,Used to the Darkness,Des Rocs,decouverte
4,Buck Rogers,Feeder,decouverte
4,Everlong,Foo Fighters,decouverte
4,Take Me Out,Franz Ferdinand,decouverte
4,End of It,Friday Pilots Club,decouverte
4,Swallow My Pride,Green River,decouverte
4,Thank God I'm Not You,Himalayas,decouverte
4,Celebrity Skin,Hole,decouverte
4,Evil,Interpol,decouverte
4,"Lover, You Should've Come Over",Jeff Buckley,decouverte
4,11th Dimension,Julian Casablancas,decouverte
4,And I Love Her,Kurt Cobain,decouverte
4,The Next Time Around,Little Joy,decouverte
4,River of Deceit,Mad Season,decouverte
4,Life's Gonna Kill You (If You Let It),Man-Made Sunshine,decouverte
4,Backwater,Meat Puppets,decouverte
4,Come Closer,Miles Kane,decouverte
4,Little Illusion Machine (Wirral Riddler),Miles Kane and the Death Ramps,decouverte
4,Vertigo,Mini Mansions,decouverte
4,Touch Me I'm Sick,Mudhoney,decouverte
4,By Some Miracle,Philip Selway,decouverte
5,BLUE,Billie Eilish,connu
5,القناص,Qideyt,connu
5,Jet Stream Heart,Temples,connu
5,Wahdon,Fairuz,connu
5,The Moment,Tame Impala,connu
5,King For A Day,Pierce The Veil,connu
5,ون بيس,طارق العربي طرقان,connu
5,Akher Kass,Akhras,connu
5,Beanie,Chezile,connu
5,Liars & Players,Asal,connu
5,Mist,EsDeeKid,connu
5,Lw Kan,El Shab Arab,connu
5,Keddaba Arfak Deddaba,Khaled,connu
5,Comfortably Numb,Pink Floyd,connu
5,the feeling,Steve Lacy,connu
5,Earrings,Malcolm Todd,connu
5,La groupie du pianiste - Remasterisé en 2002,Michel Berger,connu
5,Ya Leil W Yal Ein,AL SHAMI,decouverte
5,Ahwak,Abdel Halim Hafez,decouverte
5,Subhana,Ahmed Ben Ali,decouverte
5,Nisyan,Ahmed Fakroun,decouverte
5,Bossa,Ahmed Malek,decouverte
5,Ala Bali,Aida Al Ayoubi,decouverte
5,Foule Sentimentale,Alain Souchon,decouverte
5,Apology,Alesana,decouverte
5,Aho Dh Elly Sar,Ali El Haggar,decouverte
5,Abu Ali,Amr Ismail,decouverte
5,Be3teeny Leh | Red Bull Mazzika Salonat,Amr Mostafa,decouverte
5,hesitation,Andrew Garden,decouverte
5,we can't be friends (wait for your love),Ariana Grande,decouverte
5,Rahat Ya Khal,Autostrad,decouverte
5,Zina,Babylone,decouverte
5,Pierce the Veil,Before Today,decouverte
5,Ountha,Bigsam,decouverte
5,"Good Luck, Babe!",Chappell Roan,decouverte
5,Allom,Cheb Bakr,decouverte
5,Sbaart ou Tal Adabi,Cheb Hasni,decouverte
5,Parisien Du Nord,Cheb Mami,decouverte
5,Nouar,Cheikha Rimitti,decouverte
5,"Baby, You Wouldn't Last a Minute on the Creek",Chiodos,decouverte
5,Heather,Conan Gray,decouverte
5,Le Chanteur,Daniel Balavoine,decouverte
5,On an Island,David Gilmour,decouverte
5,Daylight,David Kushner,decouverte
5,Sultans of Swing,Dire Straits,decouverte
5,Default,Django Django,decouverte
5,Babydoll,Dominic Fike,decouverte
5,Couleur menthe à l'eau,Eddy Mitchell,decouverte
5,Dance of Maria,Elias Rahbani,decouverte
5,From the Beginning,"Emerson, Lake & Palmer",decouverte
