titre,artiste,artiste_id,track_id,popularite,album,album_release_date,date_ecoute,heure,jour_semaine,artistes,artistes_id
All the Rage Back Home,Interpol,3WaJSfKnzc65VDgmj2zU8B,6cnw3JOLMgBYA2PLydO8mU,0.0,El Pintor,2014-09-09,2026-06-08T14:03:27.235Z,14,Monday,,
Evening Sun,The Strokes,0epOFNiUfyON9EYx7Tpr6V,7HxmrxySFNFu5ppnTDdNPv,0.0,First Impressions Of Earth,2006-01-03,2026-06-08T13:59:04.106Z,13,Monday,,
LOVE YOU LESS,Joji,3MZsBdqDrRTJihTHQrO6Dq,5bhTUxSNkAZ4H3uFjSJRTY,0.0,LOVE YOU LESS,2026-01-02,2026-06-08T13:35:52.262Z,13,Monday,,
Desire Be Desire Go,Tame Impala,5INjqkS1o8h1imAzPqGZBb,4LD5p1sSp97yp86E2zDZwK,0.0,InnerSpeaker,2010-05-21,2026-06-08T13:31:14.194Z,13,Monday,,
The Eternal Tao 2.0,The Voidz,4nUBBtLtzqZGpdiynTJbYJ,7EqgmAtc8R9eH17aUayxL8,0.0,The Eternal Tao 2.0,2021-04-01,2026-06-08T13:27:40.365Z,13,Monday,,
Let It Happen,Tame Impala,5INjqkS1o8h1imAzPqGZBb,2X485T9Z5Ly0xyaghN73ed,0.0,Currents,2015-07-17,2026-06-08T13:14:56.296Z,13,Monday,,
"New Person, Same Old Mistakes",Tame Impala,5INjqkS1o8h1imAzPqGZBb,52ojopYMUzeNcudsoz7O9D,0.0,Currents,2015-07-17,2026-06-08T13:07:08.286Z,13,Monday,,
Love/Paranoia,Tame Impala,5INjqkS1o8h1imAzPqGZBb,5h9hkYIBWTZYFRmF6Iz1gt,0.0,Currents,2015-07-17,2026-06-08T13:01:04.902Z,13,Monday,,
Gossip,Tame Impala,5INjqkS1o8h1imAzPqGZBb,79chzfFIIq7cHkqcYYORk0,0.0,Currents,2015-07-17,2026-06-08T12:55:45.308Z,12,Monday,,
Eventually,Tame Impala,5INjqkS1o8h1imAzPqGZBb,5M4yti0QxgqJieUYaEXcpw,0.0,Currents,2015-07-17,2026-06-08T12:54:49.801Z,12,Monday,,
Yes I'm Changing,Tame Impala,5INjqkS1o8h1imAzPqGZBb,0xtIp0lgccN85GfGOekS5L,0.0,Currents,2015-07-17,2026-06-08T12:49:31.314Z,12,Monday,,
ATM,Don Toliver,4Gso3d4CscCijv0lmajZWs,03auLpFLdCv4HozP4pQseu,0.0,OCTANE,2026-01-30,2026-06-08T12:29:45.487Z,12,Monday,,
Long Way To Calabasas,Don Toliver,4Gso3d4CscCijv0lmajZWs,0FMAKUsgIBszj75WEENYDO,0.0,OCTANE,2026-01-30,2026-06-08T11:32:18.840Z,11,Monday,,
Is It True,Tame Impala,5INjqkS1o8h1imAzPqGZBb,6RZmhpvukfyeSURhf4kZ0d,0.0,The Slow Rush,2020-02-14,2026-06-08T11:21:17.978Z,11,Monday,,
Lost In Yesterday,Tame Impala,5INjqkS1o8h1imAzPqGZBb,5JWPUEov2wlX7c0jhYZpeB,0.0,The Slow Rush,2020-02-14,2026-06-08T11:17:18.674Z,11,Monday,,
On Track,Tame Impala,5INjqkS1o8h1imAzPqGZBb,0IuE6FnXPCdZ8NLuuvJRhb,0.0,The Slow Rush,2020-02-14,2026-06-08T11:13:09.079Z,11,Monday,,
Tomorrow's Dust,Tame Impala,5INjqkS1o8h1imAzPqGZBb,666PdikRnUzdvjT9p5wWND,0.0,The Slow Rush,2020-02-14,2026-06-08T11:08:07.273Z,11,Monday,,
Breathe Deeper,Tame Impala,5INjqkS1o8h1imAzPqGZBb,3LbZIhU0smEU5SUnxod4j4,0.0,The Slow Rush,2020-02-14,2026-06-08T11:02:40.471Z,11,Monday,,
Posthumous Forgiveness,Tame Impala,5INjqkS1o8h1imAzPqGZBb,1KcOU0q9AMXV9xi4tSzzCc,0.0,The Slow Rush,2020-02-14,2026-06-08T10:56:27.059Z,10,Monday,,
Borderline,Tame Impala,5INjqkS1o8h1imAzPqGZBb,5hM5arv9KDbCHS0k9uqwjr,0.0,The Slow Rush,2020-02-14,2026-06-08T10:50:20.955Z,10,Monday,,
Instant Destiny,Tame Impala,5INjqkS1o8h1imAzPqGZBb,6WCXBUFa0z3l9DoOY3k5Xe,0.0,The Slow Rush,2020-02-14,2026-06-08T10:46:23.171Z,10,Monday,,
One More Year,Tame Impala,5INjqkS1o8h1imAzPqGZBb,5ozqshq2dtU7SYCpCBu0NE,0.0,The Slow Rush,2020-02-14,2026-06-08T10:43:08.458Z,10,Monday,,
Oblivius,The Strokes,0epOFNiUfyON9EYx7Tpr6V,6y4ySPeb68KGoAi1dk130F,0.0,Future Present Past,2016-06-03,2026-06-08T10:30:22.051Z,10,Monday,,
QYURRYUS,The Voidz,4nUBBtLtzqZGpdiynTJbYJ,6pMRk6Tr05wmZSSINOqzE3,0.0,Virtue,2018-03-30,2026-06-08T10:24:28.346Z,10,Monday,,
(Nice Dream),Radiohead,4Z8W4fKeB5YxbusRsdQVPb,1tZcw7GtIqviL32bzaKdSo,0.0,The Bends,1995-03-13,2026-06-08T10:15:28.980Z,10,Monday,,
The Adults Are Talking,The Strokes,0epOFNiUfyON9EYx7Tpr6V,5ruzrDWcT0vuJIOMW7gMnW,0.0,The New Abnormal,2020-04-10,2026-06-08T10:11:35.279Z,10,Monday,,
Ode To The Mets,The Strokes,0epOFNiUfyON9EYx7Tpr6V,1BLOVHYYlH4JUHQGcpt75R,0.0,The New Abnormal,2020-04-10,2026-06-08T10:06:25.650Z,10,Monday,,
Reality In Motion,Tame Impala,5INjqkS1o8h1imAzPqGZBb,3I7OmVsk4Hm5LBbs2GmhlD,0.0,Currents,2015-07-17,2026-06-08T09:36:27.072Z,9,Monday,,
'Cause I'm A Man,Tame Impala,5INjqkS1o8h1imAzPqGZBb,2O99aywAVBhaPrsiJ6zbSS,0.0,Currents,2015-07-17,2026-06-08T09:32:15.118Z,9,Monday,,
Disciples,Tame Impala,5INjqkS1o8h1imAzPqGZBb,2gNfxysfBRfl9Lvi9T3v6R,0.0,Currents,2015-07-17,2026-06-08T09:28:12.222Z,9,Monday,,
Past Life,Tame Impala,5INjqkS1o8h1imAzPqGZBb,4a9fW33mYR8LhXBOLUhbfF,0.0,Currents,2015-07-17,2026-06-08T09:19:54.698Z,9,Monday,,
The Less I Know The Better,Tame Impala,5INjqkS1o8h1imAzPqGZBb,6K4t31amVTZDgR3sKmwUJJ,0.0,Currents,2015-07-17,2026-06-08T09:16:06.692Z,9,Monday,,
The Moment,Tame Impala,5INjqkS1o8h1imAzPqGZBb,1UYj8qTWjneZJDVjUMwMub,0.0,Currents,2015-07-17,2026-06-08T09:01:45.586Z,9,Monday,,
Plug in Baby,,,2UKARCqDrhkYDoVR4FN5Wi,,Origin of Symmetry,2001,2026-06-12T13:25:47.165Z,13,Friday,Muse,12Chz98pHFMPJEknJQMWvI
Hyper Music,,,7BxQJTzBjhfpx8PVT1qASg,,Origin of Symmetry,2001,2026-06-12T13:22:09.161Z,13,Friday,Muse,12Chz98pHFMPJEknJQMWvI
Space Dementia,,,00jXDm9BLNZdf2QC3Br0r7,,Origin of Symmetry,2001,2026-06-12T13:18:47.667Z,13,Friday,Muse,12Chz98pHFMPJEknJQMWvI
Bliss,,,0j3obufLXq5toSs592dX9U,,Origin of Symmetry,2001,2026-06-12T13:12:26.865Z,13,Friday,Muse,12Chz98pHFMPJEknJQMWvI
New Born,,,2VrJMuLt2m9HbifGrKWHqk,,Origin of Symmetry,2001,2026-06-12T13:08:15.775Z,13,Friday,Muse,12Chz98pHFMPJEknJQMWvI
Nangs,,,1cCbsojaA6GIT7Y3zuMJ1q,,Currents,2015-07-17,2026-06-12T12:36:56.547Z,12,Friday,Tame Impala,5INjqkS1o8h1imAzPqGZBb
"I'll Try Anything Once (""You Only Live Once"" demo) - Heart In a Cage B-Side",,,3wJpoTNAR3pURNjZV6j6VQ,,Heart In A Cage,2006-01-15,2026-06-12T11:51:22.656Z,11,Friday,The Strokes,0epOFNiUfyON9EYx7Tpr6V
12:51,,,6Yu1OL8I0D4vjOzYdsXYGK,,Room On Fire,2003-10-28,2026-06-12T11:28:37.619Z,11,Friday,The Strokes,0epOFNiUfyON9EYx7Tpr6V
SLOW DANCING IN THE DARK,,,6rY5FAWxCdAGllYEOZMbjW,,BALLADS 1,2018-10-26,2026-06-12T10:29:30.028Z,10,Friday,Joji,3MZsBdqDrRTJihTHQrO6Dq
Cigarettes out the Window,,,6QeYSvYqYUsfBzsApbjDHO,,Who Really Cares,2016-02-25,2026-06-12T10:16:43.542Z,10,Friday,TV Girl,0Y6dVaC9DZtPNH4591M42W
Selfless,,,2t0wwvR15fc3K1ey8OiOaN,,The New Abnormal,2020-04-10,2026-06-12T10:11:08.919Z,10,Friday,The Strokes,0epOFNiUfyON9EYx7Tpr6V
One Way Trigger,,,5GKVcvTgnFYtfh25qKQtRg,,Comedown Machine,2013-03-25,2026-06-12T10:00:59.964Z,10,Friday,The Strokes,0epOFNiUfyON9EYx7Tpr6V
Territorial,,,6PKoUpo9sis5LWkMXSck6f,,"Sincerely,",2025-05-09,2026-06-12T08:40:51.137Z,8,Friday,Kali Uchis,1U1el3k54VvEUzo3ybLPlM
Wahdon,,,0D9yc110AaVMweJLTKVFjJ,,Habbaitak Tanseet El Noum,1979-01-01,2026-06-12T07:29:56.296Z,7,Friday,Fairuz,0dwFxqYkvZLSA6U6XfQcDV
Bluffin' (with The Kid LAROI),,,0eh0TQK1S209s9kovG0EWf,,Piss In The Wind (Deluxe),2026-06-04,2026-06-12T01:28:37.042Z,1,Friday,"Joji, The Kid LAROI","3MZsBdqDrRTJihTHQrO6Dq, 2tIP7SsRs7vjIcLrU85W8J"
Reflections,,,2xql0pid3EUwW38AsywxhV,,Hard To Imagine The Neighbourhood Ever Changing,2018-11-02,2026-06-12T01:26:14.172Z,1,Friday,The Neighbourhood,77SW9BnxLY8rJ0RciFqkHh
Save Your Tears,,,5QO79kh1waicV47BqGRL3g,,After Hours,2020-03-20,2026-06-12T01:22:09.624Z,1,Friday,The Weeknd,1Xyo4u8uXC1ZmMpatF05PJ
telepatía,,,6tDDoYIxWvMLTdKpjFkc1B,,Sin Miedo (del Amor y Otros Demonios) ∞,2020-12-04,2026-06-12T01:18:33.529Z,1,Friday,Kali Uchis,1U1el3k54VvEUzo3ybLPlM
End Of Summer,,,3McBKxKZLXbE4czUezk5QG,,Deadbeat,2025-10-17,2026-06-12T01:15:52.809Z,1,Friday,Tame Impala,5INjqkS1o8h1imAzPqGZBb
Going Shopping,,,4dUOhTTMy4ITIbNQKPKYFP,,Going Shopping,2026-04-07,2026-06-16T12:04:31.264Z,12,Tuesday,The Strokes,0epOFNiUfyON9EYx7Tpr6V
Falling out of Love,,,4ZxlsIHhSxQkbwKTZ76xu0,,Falling out of Love,2026-05-13,2026-06-16T12:00:09.063Z,12,Tuesday,The Strokes,0epOFNiUfyON9EYx7Tpr6V
Bad Decisions,,,55N8cxpE1QDoeaaNqUnoZ2,,The New Abnormal,2020-04-10,2026-06-16T11:49:41.470Z,11,Tuesday,The Strokes,0epOFNiUfyON9EYx7Tpr6V
Brooklyn Bridge To Chorus,,,2mDYYGaGd9uXKkK2YhDA3i,,The New Abnormal,2020-04-10,2026-06-16T11:42:09.363Z,11,Tuesday,The Strokes,0epOFNiUfyON9EYx7Tpr6V
Selfless,,,2t0wwvR15fc3K1ey8OiOaN,,The New Abnormal,2020-04-10,2026-06-16T11:38:13.455Z,11,Tuesday,The Strokes,0epOFNiUfyON9EYx7Tpr6V
The Adults Are Talking,,,5ruzrDWcT0vuJIOMW7gMnW,,The New Abnormal,2020-04-10,2026-06-16T11:33:50.464Z,11,Tuesday,The Strokes,0epOFNiUfyON9EYx7Tpr6V
Ode To The Mets,,,1BLOVHYYlH4JUHQGcpt75R,,The New Abnormal,2020-04-10,2026-06-16T11:28:40.842Z,11,Tuesday,The Strokes,0epOFNiUfyON9EYx7Tpr6V
You Talk Way Too Much,,,6lnnaGN20kl0jEYJSxCgU9,,Room On Fire,2003-10-28,2026-06-16T11:02:29.982Z,11,Tuesday,The Strokes,0epOFNiUfyON9EYx7Tpr6V
12:51,,,6Yu1OL8I0D4vjOzYdsXYGK,,Room On Fire,2003-10-28,2026-06-16T10:55:34.239Z,10,Tuesday,The Strokes,0epOFNiUfyON9EYx7Tpr6V
Automatic Stop,,,6DUKQUhWqUySYngLXLNwP2,,Room On Fire,2003-10-28,2026-06-16T10:53:01.126Z,10,Tuesday,The Strokes,0epOFNiUfyON9EYx7Tpr6V
Reptilia,,,57Xjny5yNzAcsxnusKmAfA,,Room On Fire,2003-10-28,2026-06-16T10:49:34.031Z,10,Tuesday,The Strokes,0epOFNiUfyON9EYx7Tpr6V
What Ever Happened?,,,78Gzxi27GuNHTfkn2BylG4,,Room On Fire,2003-10-28,2026-06-16T10:45:54.238Z,10,Tuesday,The Strokes,0epOFNiUfyON9EYx7Tpr6V
Is It True,,,6RZmhpvukfyeSURhf4kZ0d,,The Slow Rush,2020-02-14,2026-06-16T10:31:02.737Z,10,Tuesday,Tame Impala,5INjqkS1o8h1imAzPqGZBb
Lost In Yesterday,,,5JWPUEov2wlX7c0jhYZpeB,,The Slow Rush,2020-02-14,2026-06-16T10:27:03.528Z,10,Tuesday,Tame Impala,5INjqkS1o8h1imAzPqGZBb
On Track,,,0IuE6FnXPCdZ8NLuuvJRhb,,The Slow Rush,2020-02-14,2026-06-16T10:22:53.943Z,10,Tuesday,Tame Impala,5INjqkS1o8h1imAzPqGZBb
Tomorrow's Dust,,,666PdikRnUzdvjT9p5wWND,,The Slow Rush,2020-02-14,2026-06-16T10:17:52.150Z,10,Tuesday,Tame Impala,5INjqkS1o8h1imAzPqGZBb
Breathe Deeper,,,3LbZIhU0smEU5SUnxod4j4,,The Slow Rush,2020-02-14,2026-06-16T10:12:25.315Z,10,Tuesday,Tame Impala,5INjqkS1o8h1imAzPqGZBb
Posthumous Forgiveness,,,1KcOU0q9AMXV9xi4tSzzCc,,The Slow Rush,2020-02-14,2026-06-16T10:06:12.496Z,10,Tuesday,Tame Impala,5INjqkS1o8h1imAzPqGZBb
Borderline,,,5hM5arv9KDbCHS0k9uqwjr,,The Slow Rush,2020-02-14,2026-06-16T10:00:06.386Z,10,Tuesday,Tame Impala,5INjqkS1o8h1imAzPqGZBb
Instant Destiny,,,6WCXBUFa0z3l9DoOY3k5Xe,,The Slow Rush,2020-02-14,2026-06-16T09:56:08.585Z,9,Tuesday,Tame Impala,5INjqkS1o8h1imAzPqGZBb
One More Year,,,5ozqshq2dtU7SYCpCBu0NE,,The Slow Rush,2020-02-14,2026-06-16T09:52:53.886Z,9,Tuesday,Tame Impala,5INjqkS1o8h1imAzPqGZBb
King For A Day,,,1IT0WQk5J8NsaeII8ktdlZ,,Collide With The Sky,2012-07-17,2026-06-16T09:47:07.382Z,9,Tuesday,"Pierce The Veil, Kellin Quinn","4iJLPqClelZOBCBifm8Fzv, 3M9XAM57a4qFz3v6Lq27t2"
Space Dementia,,,00jXDm9BLNZdf2QC3Br0r7,,Origin of Symmetry,2001,2026-06-16T09:06:08.381Z,9,Tuesday,Muse,12Chz98pHFMPJEknJQMWvI
Instant Crush (feat. Julian Casablancas),,,2cGxRwrMyEAp8dEbuZaVv6,,Random Access Memories,2013-05-20,2026-06-15T19:46:35.589Z,19,Monday,"Daft Punk, Julian Casablancas","4tZwfgrHOc3mvqYlEYSvVi, 1rAv1GhTQ2rmG94p9lU3rB"
One More Year,,,5ozqshq2dtU7SYCpCBu0NE,,The Slow Rush,2020-02-14,2026-06-15T19:21:43.904Z,19,Monday,Tame Impala,5INjqkS1o8h1imAzPqGZBb
King For A Day,,,1IT0WQk5J8NsaeII8ktdlZ,,Collide With The Sky,2012-07-17,2026-06-15T18:14:04.147Z,18,Monday,"Pierce The Veil, Kellin Quinn","4iJLPqClelZOBCBifm8Fzv, 3M9XAM57a4qFz3v6Lq27t2"
King For A Day,,,1IT0WQk5J8NsaeII8ktdlZ,,Collide With The Sky,2012-07-17,2026-06-15T16:27:17.899Z,16,Monday,"Pierce The Veil, Kellin Quinn","4iJLPqClelZOBCBifm8Fzv, 3M9XAM57a4qFz3v6Lq27t2"
King For A Day,,,1IT0WQk5J8NsaeII8ktdlZ,,Collide With The Sky,2012-07-17,2026-06-15T15:48:09.644Z,15,Monday,"Pierce The Veil, Kellin Quinn","4iJLPqClelZOBCBifm8Fzv, 3M9XAM57a4qFz3v6Lq27t2"
Props & Mayhem,,,2SYMnBpx7zyhSDPQwoOlFO,,Collide With The Sky,2012-07-17,2026-06-15T15:32:57.185Z,15,Monday,Pierce The Veil,4iJLPqClelZOBCBifm8Fzv
Bulls In The Bronx,,,23UoI3jlFiWdo5jadUYo69,,Collide With The Sky,2012-07-17,2026-06-15T15:29:19.342Z,15,Monday,Pierce The Veil,4iJLPqClelZOBCBifm8Fzv
King For A Day,,,1IT0WQk5J8NsaeII8ktdlZ,,Collide With The Sky,2012-07-17,2026-06-15T15:24:51.438Z,15,Monday,"Pierce The Veil, Kellin Quinn","4iJLPqClelZOBCBifm8Fzv, 3M9XAM57a4qFz3v6Lq27t2"
Crown,,,4zMxWSP2qZUy5CBCH5PdzZ,,Mr. Morale & The Big Steppers,2022-05-13,2026-06-15T15:20:48.893Z,15,Monday,Kendrick Lamar,2YZyLoL8N0Wb9xBt1NhZWg
Count Me Out,,,6BU1RZexmvJcBjgagVVt3M,,Mr. Morale & The Big Steppers,2022-05-13,2026-06-15T12:56:40.635Z,12,Monday,Kendrick Lamar,2YZyLoL8N0Wb9xBt1NhZWg
Selfless,,,2t0wwvR15fc3K1ey8OiOaN,,The New Abnormal,2020-04-10,2026-06-15T12:24:31.974Z,12,Monday,The Strokes,0epOFNiUfyON9EYx7Tpr6V
Bad Decisions,,,55N8cxpE1QDoeaaNqUnoZ2,,The New Abnormal,2020-04-10,2026-06-15T12:20:42.438Z,12,Monday,The Strokes,0epOFNiUfyON9EYx7Tpr6V
Brooklyn Bridge To Chorus,,,2mDYYGaGd9uXKkK2YhDA3i,,The New Abnormal,2020-04-10,2026-06-15T11:47:06.179Z,11,Monday,The Strokes,0epOFNiUfyON9EYx7Tpr6V
Selfless,,,2t0wwvR15fc3K1ey8OiOaN,,The New Abnormal,2020-04-10,2026-06-15T11:43:10.187Z,11,Monday,The Strokes,0epOFNiUfyON9EYx7Tpr6V
The Adults Are Talking,,,5ruzrDWcT0vuJIOMW7gMnW,,The New Abnormal,2020-04-10,2026-06-15T11:39:26.490Z,11,Monday,The Strokes,0epOFNiUfyON9EYx7Tpr6V
Ode To The Mets,,,1BLOVHYYlH4JUHQGcpt75R,,The New Abnormal,2020-04-10,2026-06-15T11:34:16.899Z,11,Monday,The Strokes,0epOFNiUfyON9EYx7Tpr6V
King For A Day,,,1IT0WQk5J8NsaeII8ktdlZ,,Collide With The Sky,2012-07-17,2026-06-15T11:22:02.661Z,11,Monday,"Pierce The Veil, Kellin Quinn","4iJLPqClelZOBCBifm8Fzv, 3M9XAM57a4qFz3v6Lq27t2"
King For A Day,,,1IT0WQk5J8NsaeII8ktdlZ,,Collide With The Sky,2012-07-17,2026-06-15T11:18:05.935Z,11,Monday,"Pierce The Veil, Kellin Quinn","4iJLPqClelZOBCBifm8Fzv, 3M9XAM57a4qFz3v6Lq27t2"
King For A Day,,,1IT0WQk5J8NsaeII8ktdlZ,,Collide With The Sky,2012-07-17,2026-06-15T11:14:20.711Z,11,Monday,"Pierce The Veil, Kellin Quinn","4iJLPqClelZOBCBifm8Fzv, 3M9XAM57a4qFz3v6Lq27t2"
King For A Day,,,5qCddh0NpefrEu4pY4CjC9,,King For A Day,2012-07-17,2026-06-15T10:51:16.171Z,10,Monday,"Pierce The Veil, Kellin Quinn","4iJLPqClelZOBCBifm8Fzv, 3M9XAM57a4qFz3v6Lq27t2"
Bulls In The Bronx,,,23UoI3jlFiWdo5jadUYo69,,Collide With The Sky,2012-07-17,2026-06-14T23:30:10.032Z,23,Sunday,Pierce The Veil,4iJLPqClelZOBCBifm8Fzv
King For A Day,,,1IT0WQk5J8NsaeII8ktdlZ,,Collide With The Sky,2012-07-17,2026-06-14T19:07:51.684Z,19,Sunday,"Pierce The Veil, Kellin Quinn","4iJLPqClelZOBCBifm8Fzv, 3M9XAM57a4qFz3v6Lq27t2"
King For A Day,,,1IT0WQk5J8NsaeII8ktdlZ,,Collide With The Sky,2012-07-17,2026-06-14T17:49:29.579Z,17,Sunday,"Pierce The Veil, Kellin Quinn","4iJLPqClelZOBCBifm8Fzv, 3M9XAM57a4qFz3v6Lq27t2"
One More Hour,,,0mO6oS60RST2sWmN2FKknP,,The Slow Rush,2020-02-14,2026-06-14T17:08:34.178Z,17,Sunday,Tame Impala,5INjqkS1o8h1imAzPqGZBb
Breathe Deeper,,,3LbZIhU0smEU5SUnxod4j4,,The Slow Rush,2020-02-14,2026-06-14T16:58:14.755Z,16,Sunday,Tame Impala,5INjqkS1o8h1imAzPqGZBb
Posthumous Forgiveness,,,1KcOU0q9AMXV9xi4tSzzCc,,The Slow Rush,2020-02-14,2026-06-14T16:52:01.856Z,16,Sunday,Tame Impala,5INjqkS1o8h1imAzPqGZBb
Borderline,,,5hM5arv9KDbCHS0k9uqwjr,,The Slow Rush,2020-02-14,2026-06-14T16:45:55.776Z,16,Sunday,Tame Impala,5INjqkS1o8h1imAzPqGZBb
List Of People (To Try And Forget About),,,01iiEi9h8CQGUN2K1xBbTj,,Currents B-Sides & Remixes,2017-11-16,2026-06-16T12:14:36.791Z,12,Tuesday,Tame Impala,5INjqkS1o8h1imAzPqGZBb
Hell Above,,,3EKh7JNsBrGoh2xqPotBKT,,Collide With The Sky,2012-07-17,2026-06-16T12:34:43.981Z,12,Tuesday,Pierce The Veil,4iJLPqClelZOBCBifm8Fzv
May These Noises Startle You In Your Sleep Tonight,,,6wgd4M4GP6NQr5RRiIO0FR,,Collide With The Sky,2012-07-17,2026-06-16T12:31:00.386Z,12,Tuesday,Pierce The Veil,4iJLPqClelZOBCBifm8Fzv
So Far So Fake,,,3fWibgdtgIie6LKTZ2rUoI,,The Jaws Of Life,2023-02-10,2026-06-16T12:26:14.605Z,12,Tuesday,Pierce The Veil,4iJLPqClelZOBCBifm8Fzv
King For A Day,,,1IT0WQk5J8NsaeII8ktdlZ,,Collide With The Sky,2012-07-17,2026-06-16T12:22:17.977Z,12,Tuesday,"Pierce The Veil, Kellin Quinn","4iJLPqClelZOBCBifm8Fzv, 3M9XAM57a4qFz3v6Lq27t2"
80's Comedown Machine,,,2lffRiAET2Xt6BNb4EmkS2,,Comedown Machine,2013-03-25,2026-06-19T16:00:28.260Z,16,Friday,The Strokes,0epOFNiUfyON9EYx7Tpr6V
Welcome To Japan,,,7bfocP7GYoLOutUYpTI8tx,,Comedown Machine,2013-03-25,2026-06-19T15:53:28.146Z,15,Friday,The Strokes,0epOFNiUfyON9EYx7Tpr6V
One Way Trigger,,,5GKVcvTgnFYtfh25qKQtRg,,Comedown Machine,2013-03-25,2026-06-19T15:49:37.348Z,15,Friday,The Strokes,0epOFNiUfyON9EYx7Tpr6V
All The Time,,,7uFZNMEZzAGOwQ6EZID1K4,,Comedown Machine,2013-03-25,2026-06-19T15:45:35.041Z,15,Friday,The Strokes,0epOFNiUfyON9EYx7Tpr6V
Tap Out,,,2ThdB23G9Rgf1ExndFGEEg,,Comedown Machine,2013-03-25,2026-06-19T15:42:33.737Z,15,Friday,The Strokes,0epOFNiUfyON9EYx7Tpr6V
One Way Trigger,,,5GKVcvTgnFYtfh25qKQtRg,,Comedown Machine,2013-03-25,2026-06-19T15:35:41.593Z,15,Friday,The Strokes,0epOFNiUfyON9EYx7Tpr6V
One Way Trigger,,,5GKVcvTgnFYtfh25qKQtRg,,Comedown Machine,2013-03-25,2026-06-19T15:31:38.869Z,15,Friday,The Strokes,0epOFNiUfyON9EYx7Tpr6V
One Way Trigger,,,5GKVcvTgnFYtfh25qKQtRg,,Comedown Machine,2013-03-25,2026-06-19T15:27:36.155Z,15,Friday,The Strokes,0epOFNiUfyON9EYx7Tpr6V
One Way Trigger,,,5GKVcvTgnFYtfh25qKQtRg,,Comedown Machine,2013-03-25,2026-06-19T15:23:33.434Z,15,Friday,The Strokes,0epOFNiUfyON9EYx7Tpr6V
One Way Trigger,,,5GKVcvTgnFYtfh25qKQtRg,,Comedown Machine,2013-03-25,2026-06-19T15:19:30.702Z,15,Friday,The Strokes,0epOFNiUfyON9EYx7Tpr6V
One Way Trigger,,,5GKVcvTgnFYtfh25qKQtRg,,Comedown Machine,2013-03-25,2026-06-19T15:15:27.982Z,15,Friday,The Strokes,0epOFNiUfyON9EYx7Tpr6V
One Way Trigger,,,5GKVcvTgnFYtfh25qKQtRg,,Comedown Machine,2013-03-25,2026-06-19T15:11:25.199Z,15,Friday,The Strokes,0epOFNiUfyON9EYx7Tpr6V
Reptilia,,,57Xjny5yNzAcsxnusKmAfA,,Room On Fire,2003-10-28,2026-06-19T15:06:07.063Z,15,Friday,The Strokes,0epOFNiUfyON9EYx7Tpr6V
Reptilia,,,57Xjny5yNzAcsxnusKmAfA,,Room On Fire,2003-10-28,2026-06-19T15:02:26.717Z,15,Friday,The Strokes,0epOFNiUfyON9EYx7Tpr6V
Reptilia,,,57Xjny5yNzAcsxnusKmAfA,,Room On Fire,2003-10-28,2026-06-19T14:58:46.381Z,14,Friday,The Strokes,0epOFNiUfyON9EYx7Tpr6V
Reptilia,,,57Xjny5yNzAcsxnusKmAfA,,Room On Fire,2003-10-28,2026-06-19T14:55:05.847Z,14,Friday,The Strokes,0epOFNiUfyON9EYx7Tpr6V
Million Dollar Minion,,,1jHiP5OoRNAzKx6i8qIyKg,,Million Dollar Minion,2026-06-17,2026-06-19T14:47:01.131Z,14,Friday,Yeat,3qiHUAX7zY4Qnjx8TNUzVx
Oblivius,,,6y4ySPeb68KGoAi1dk130F,,Future Present Past,2016-06-03,2026-06-19T13:57:31.107Z,13,Friday,The Strokes,0epOFNiUfyON9EYx7Tpr6V
Oblivius,,,6y4ySPeb68KGoAi1dk130F,,Future Present Past,2016-06-03,2026-06-19T13:57:27.532Z,13,Friday,The Strokes,0epOFNiUfyON9EYx7Tpr6V
Let It Happen,,,2X485T9Z5Ly0xyaghN73ed,,Currents,2015-07-17,2026-06-19T13:28:33.520Z,13,Friday,Tame Impala,5INjqkS1o8h1imAzPqGZBb
Flexorcist,,,5pvE5kSCPnrUSzDIFXPuLV,,Like All Before You,2024-09-20,2026-06-19T13:15:49.624Z,13,Friday,The Voidz,4nUBBtLtzqZGpdiynTJbYJ
Threat of Joy,,,37ZgsOy8t4vMnGtMExr6ah,,Future Present Past,2016-06-03,2026-06-19T12:55:23.845Z,12,Friday,The Strokes,0epOFNiUfyON9EYx7Tpr6V
One Way Trigger,,,5GKVcvTgnFYtfh25qKQtRg,,Comedown Machine,2013-03-25,2026-06-19T12:50:58.637Z,12,Friday,The Strokes,0epOFNiUfyON9EYx7Tpr6V
Not The Same Anymore,,,5ncofiedz9Ej6YkvvXMKVn,,The New Abnormal,2020-04-10,2026-06-19T12:40:18.681Z,12,Friday,The Strokes,0epOFNiUfyON9EYx7Tpr6V
Why Are Sundays So Depressing,,,1aOxOpH4AkGAd8OMrKjyNY,,The New Abnormal,2020-04-10,2026-06-19T12:13:13.044Z,12,Friday,The Strokes,0epOFNiUfyON9EYx7Tpr6V
At The Door,,,7lu6YLrlB1MU7HW8DJSuPa,,The New Abnormal,2020-04-10,2026-06-19T12:08:37.341Z,12,Friday,The Strokes,0epOFNiUfyON9EYx7Tpr6V
Eternal Summer,,,6IRzBP4gVoV4D2zHmocoWy,,The New Abnormal,2020-04-10,2026-06-19T12:03:27.055Z,12,Friday,The Strokes,0epOFNiUfyON9EYx7Tpr6V
Bad Decisions,,,55N8cxpE1QDoeaaNqUnoZ2,,The New Abnormal,2020-04-10,2026-06-19T11:57:11.694Z,11,Friday,The Strokes,0epOFNiUfyON9EYx7Tpr6V
Brooklyn Bridge To Chorus,,,2mDYYGaGd9uXKkK2YhDA3i,,The New Abnormal,2020-04-10,2026-06-19T11:49:24.579Z,11,Friday,The Strokes,0epOFNiUfyON9EYx7Tpr6V
Selfless,,,2t0wwvR15fc3K1ey8OiOaN,,The New Abnormal,2020-04-10,2026-06-19T11:45:28.662Z,11,Friday,The Strokes,0epOFNiUfyON9EYx7Tpr6V
The Adults Are Talking,,,5ruzrDWcT0vuJIOMW7gMnW,,The New Abnormal,2020-04-10,2026-06-19T11:41:46.598Z,11,Friday,The Strokes,0epOFNiUfyON9EYx7Tpr6V
Human Sadness,,,3YB9cvd668HXBEq8rbBW8P,,Tyranny,2014-09-23,2026-06-19T11:34:44.118Z,11,Friday,The Voidz,4nUBBtLtzqZGpdiynTJbYJ
The Eternal Tao 2.0,,,7EqgmAtc8R9eH17aUayxL8,,The Eternal Tao 2.0,2021-04-01,2026-06-19T11:19:49.027Z,11,Friday,The Voidz,4nUBBtLtzqZGpdiynTJbYJ
Loser,,,7bxaFZ1O3cHkgLKMsdC3xR,,Deadbeat,2025-10-17,2026-06-19T02:24:08.693Z,2,Friday,Tame Impala,5INjqkS1o8h1imAzPqGZBb
Love/Paranoia,,,5h9hkYIBWTZYFRmF6Iz1gt,,Currents,2015-07-17,2026-06-18T22:00:43.563Z,22,Thursday,Tame Impala,5INjqkS1o8h1imAzPqGZBb
Posthumous Forgiveness,,,1KcOU0q9AMXV9xi4tSzzCc,,The Slow Rush,2020-02-14,2026-06-18T21:35:42.143Z,21,Thursday,Tame Impala,5INjqkS1o8h1imAzPqGZBb
The Adults Are Talking,,,5ruzrDWcT0vuJIOMW7gMnW,,The New Abnormal,2020-04-10,2026-06-18T19:28:17.997Z,19,Thursday,The Strokes,0epOFNiUfyON9EYx7Tpr6V
Ode To The Mets,,,1BLOVHYYlH4JUHQGcpt75R,,The New Abnormal,2020-04-10,2026-06-18T18:51:49.871Z,18,Thursday,The Strokes,0epOFNiUfyON9EYx7Tpr6V
The Eternal Tao 2.0,,,7EqgmAtc8R9eH17aUayxL8,,The Eternal Tao 2.0,2021-04-01,2026-06-18T18:41:07.821Z,18,Thursday,The Voidz,4nUBBtLtzqZGpdiynTJbYJ
The Eternal Tao 2.0,,,7EqgmAtc8R9eH17aUayxL8,,The Eternal Tao 2.0,2021-04-01,2026-06-18T18:34:12.358Z,18,Thursday,The Voidz,4nUBBtLtzqZGpdiynTJbYJ
The Eternal Tao 2.0,,,7EqgmAtc8R9eH17aUayxL8,,The Eternal Tao 2.0,2021-04-01,2026-06-18T18:28:45.244Z,18,Thursday,The Voidz,4nUBBtLtzqZGpdiynTJbYJ
The Eternal Tao 2.0,,,7EqgmAtc8R9eH17aUayxL8,,The Eternal Tao 2.0,2021-04-01,2026-06-18T18:23:18.141Z,18,Thursday,The Voidz,4nUBBtLtzqZGpdiynTJbYJ
The Eternal Tao 2.0,,,7EqgmAtc8R9eH17aUayxL8,,The Eternal Tao 2.0,2021-04-01,2026-06-18T18:17:50.949Z,18,Thursday,The Voidz,4nUBBtLtzqZGpdiynTJbYJ
The Eternal Tao 2.0,,,7EqgmAtc8R9eH17aUayxL8,,The Eternal Tao 2.0,2021-04-01,2026-06-18T18:12:23.823Z,18,Thursday,The Voidz,4nUBBtLtzqZGpdiynTJbYJ
The Eternal Tao 2.0,,,7EqgmAtc8R9eH17aUayxL8,,The Eternal Tao 2.0,2021-04-01,2026-06-18T18:06:56.724Z,18,Thursday,The Voidz,4nUBBtLtzqZGpdiynTJbYJ
King For A Day,,,1IT0WQk5J8NsaeII8ktdlZ,,Collide With The Sky,2012-07-17,2026-06-18T17:48:31.767Z,17,Thursday,"Pierce The Veil, Kellin Quinn","4iJLPqClelZOBCBifm8Fzv, 3M9XAM57a4qFz3v6Lq27t2"
Vultures,,,6mVJ09ezga1pFGvDTjJokj,,Vultures,2024,2026-06-18T15:36:45.951Z,15,Thursday,"Kanye West, Ty Dolla $ign, ¥$","5K4W6rqBFWDnAN6FQUkS6x, 7c0XG5cIJTrrAgEC3ULPiq, 4xPQFgDA5M2xa0ZGo5iIsv"
Ode To The Mets,,,1BLOVHYYlH4JUHQGcpt75R,,The New Abnormal,2020-04-10,2026-06-18T15:13:39.022Z,15,Thursday,The Strokes,0epOFNiUfyON9EYx7Tpr6V
Bad Decisions,,,55N8cxpE1QDoeaaNqUnoZ2,,The New Abnormal,2020-04-10,2026-06-18T14:50:36.755Z,14,Thursday,The Strokes,0epOFNiUfyON9EYx7Tpr6V
OK (feat. Don Toliver),,,5UNo2nitxVTkBA9QYmnHJx,,BULLY - DELUXE,2026-06-19,2026-06-20T11:32:27.068Z,11,Saturday,"Kanye West, Ye, Don Toliver","5K4W6rqBFWDnAN6FQUkS6x, 3NlsBPwqJuDgtXZ2rv5Dmq, 4Gso3d4CscCijv0lmajZWs"
THIS A MUST,,,4rFi7Ws4b32pPSnqGDwbCc,,BULLY - DELUXE,2026-06-19,2026-06-20T11:27:30.330Z,11,Saturday,"Kanye West, Ye","5K4W6rqBFWDnAN6FQUkS6x, 3NlsBPwqJuDgtXZ2rv5Dmq"
KING,,,0bzDXvdOnnU4AuHJb3QfUP,,BULLY - DELUXE,2026-06-19,2026-06-20T11:26:03.671Z,11,Saturday,"Kanye West, Ye","5K4W6rqBFWDnAN6FQUkS6x, 3NlsBPwqJuDgtXZ2rv5Dmq"
MISSION CONTROL,,,040LDuJ8MWKKhV9Fdwc64N,,BULLY - DELUXE,2026-06-19,2026-06-20T11:23:56.474Z,11,Saturday,"Kanye West, Ye","5K4W6rqBFWDnAN6FQUkS6x, 3NlsBPwqJuDgtXZ2rv5Dmq"
OK (feat. Don Toliver),,,5UNo2nitxVTkBA9QYmnHJx,,BULLY - DELUXE,2026-06-19,2026-06-20T11:22:03.692Z,11,Saturday,"Kanye West, Ye, Don Toliver","5K4W6rqBFWDnAN6FQUkS6x, 3NlsBPwqJuDgtXZ2rv5Dmq, 4Gso3d4CscCijv0lmajZWs"
PREACHER MAN,,,5dF8ekrpJgJy68QKIhWT8Q,,BULLY - DELUXE,2026-06-19,2026-06-20T11:18:12.643Z,11,Saturday,"Kanye West, Ye","5K4W6rqBFWDnAN6FQUkS6x, 3NlsBPwqJuDgtXZ2rv5Dmq"
CIRCLES,,,4N0aVKm8za8OP4YbPWWeGH,,BULLY - DELUXE,2026-06-19,2026-06-20T11:15:10.949Z,11,Saturday,"Kanye West, Ye","5K4W6rqBFWDnAN6FQUkS6x, 3NlsBPwqJuDgtXZ2rv5Dmq"
WHITE LINES (feat. Andre Troutman),,,1xBGdIV6NH94vr808DT0Yh,,BULLY - DELUXE,2026-06-19,2026-06-20T11:13:39.762Z,11,Saturday,"Kanye West, Ye, Andre Troutman","5K4W6rqBFWDnAN6FQUkS6x, 3NlsBPwqJuDgtXZ2rv5Dmq, 1EpaJyg2sMnPqKRsjjcG7R"
I CAN’T WAIT (feat. Ms. Lauryn Hill),,,6ImNhLq3RabOnEHfoRdvd4,,BULLY - DELUXE,2026-06-19,2026-06-20T11:11:29.277Z,11,Saturday,"Kanye West, Ye, Ms. Lauryn Hill","5K4W6rqBFWDnAN6FQUkS6x, 3NlsBPwqJuDgtXZ2rv5Dmq, 2Mu5NfyYm8n5iTomuKAEHl"
BEAUTY AND THE BEAST,,,5rSnkcvd4xC8FuTF3cPtL1,,BULLY - DELUXE,2026-06-19,2026-06-20T11:07:35.767Z,11,Saturday,"Kanye West, Ye","5K4W6rqBFWDnAN6FQUkS6x, 3NlsBPwqJuDgtXZ2rv5Dmq"
PREACHER MAN,,,5dF8ekrpJgJy68QKIhWT8Q,,BULLY - DELUXE,2026-06-19,2026-06-20T11:05:48.666Z,11,Saturday,"Kanye West, Ye","5K4W6rqBFWDnAN6FQUkS6x, 3NlsBPwqJuDgtXZ2rv5Dmq"
CIRCLES,,,4N0aVKm8za8OP4YbPWWeGH,,BULLY - DELUXE,2026-06-19,2026-06-20T11:02:46.971Z,11,Saturday,"Kanye West, Ye","5K4W6rqBFWDnAN6FQUkS6x, 3NlsBPwqJuDgtXZ2rv5Dmq"
WHITE LINES (feat. Andre Troutman),,,1xBGdIV6NH94vr808DT0Yh,,BULLY - DELUXE,2026-06-19,2026-06-20T11:01:15.773Z,11,Saturday,"Kanye West, Ye, Andre Troutman","5K4W6rqBFWDnAN6FQUkS6x, 3NlsBPwqJuDgtXZ2rv5Dmq, 1EpaJyg2sMnPqKRsjjcG7R"
I CAN’T WAIT (feat. Ms. Lauryn Hill),,,6ImNhLq3RabOnEHfoRdvd4,,BULLY - DELUXE,2026-06-19,2026-06-20T10:59:05.255Z,10,Saturday,"Kanye West, Ye, Ms. Lauryn Hill","5K4W6rqBFWDnAN6FQUkS6x, 3NlsBPwqJuDgtXZ2rv5Dmq, 2Mu5NfyYm8n5iTomuKAEHl"
OK (feat. Don Toliver),,,5UNo2nitxVTkBA9QYmnHJx,,BULLY - DELUXE,2026-06-19,2026-06-20T10:55:15.335Z,10,Saturday,"Kanye West, Ye, Don Toliver","5K4W6rqBFWDnAN6FQUkS6x, 3NlsBPwqJuDgtXZ2rv5Dmq, 4Gso3d4CscCijv0lmajZWs"
OK (feat. Don Toliver),,,5UNo2nitxVTkBA9QYmnHJx,,BULLY - DELUXE,2026-06-19,2026-06-20T10:52:36.637Z,10,Saturday,"Kanye West, Ye, Don Toliver","5K4W6rqBFWDnAN6FQUkS6x, 3NlsBPwqJuDgtXZ2rv5Dmq, 4Gso3d4CscCijv0lmajZWs"
OK (feat. Don Toliver),,,5UNo2nitxVTkBA9QYmnHJx,,BULLY - DELUXE,2026-06-19,2026-06-20T10:49:57.935Z,10,Saturday,"Kanye West, Ye, Don Toliver","5K4W6rqBFWDnAN6FQUkS6x, 3NlsBPwqJuDgtXZ2rv5Dmq, 4Gso3d4CscCijv0lmajZWs"
OK (feat. Don Toliver),,,5UNo2nitxVTkBA9QYmnHJx,,BULLY - DELUXE,2026-06-19,2026-06-20T10:47:19.171Z,10,Saturday,"Kanye West, Ye, Don Toliver","5K4W6rqBFWDnAN6FQUkS6x, 3NlsBPwqJuDgtXZ2rv5Dmq, 4Gso3d4CscCijv0lmajZWs"
OK (feat. Don Toliver),,,5UNo2nitxVTkBA9QYmnHJx,,BULLY - DELUXE,2026-06-19,2026-06-20T10:44:40.436Z,10,Saturday,"Kanye West, Ye, Don Toliver","5K4W6rqBFWDnAN6FQUkS6x, 3NlsBPwqJuDgtXZ2rv5Dmq, 4Gso3d4CscCijv0lmajZWs"
OK (feat. Don Toliver),,,5UNo2nitxVTkBA9QYmnHJx,,BULLY - DELUXE,2026-06-19,2026-06-20T10:42:01.775Z,10,Saturday,"Kanye West, Ye, Don Toliver","5K4W6rqBFWDnAN6FQUkS6x, 3NlsBPwqJuDgtXZ2rv5Dmq, 4Gso3d4CscCijv0lmajZWs"
MISSION CONTROL,,,040LDuJ8MWKKhV9Fdwc64N,,BULLY - DELUXE,2026-06-19,2026-06-20T10:39:10.041Z,10,Saturday,"Kanye West, Ye","5K4W6rqBFWDnAN6FQUkS6x, 3NlsBPwqJuDgtXZ2rv5Dmq"
OK (feat. Don Toliver),,,5UNo2nitxVTkBA9QYmnHJx,,BULLY - DELUXE,2026-06-19,2026-06-20T10:37:17.230Z,10,Saturday,"Kanye West, Ye, Don Toliver","5K4W6rqBFWDnAN6FQUkS6x, 3NlsBPwqJuDgtXZ2rv5Dmq, 4Gso3d4CscCijv0lmajZWs"
THIS ONE HERE,,,074zpqGrIdEYzGQAFZfDp1,,BULLY - DELUXE,2026-06-19,2026-06-20T10:34:39.016Z,10,Saturday,"Kanye West, Ye","5K4W6rqBFWDnAN6FQUkS6x, 3NlsBPwqJuDgtXZ2rv5Dmq"
CIRCLES,,,4N0aVKm8za8OP4YbPWWeGH,,BULLY - DELUXE,2026-06-19,2026-06-20T10:31:50.191Z,10,Saturday,"Kanye West, Ye","5K4W6rqBFWDnAN6FQUkS6x, 3NlsBPwqJuDgtXZ2rv5Dmq"
I CAN’T WAIT (feat. Ms. Lauryn Hill),,,6ImNhLq3RabOnEHfoRdvd4,,BULLY - DELUXE,2026-06-19,2026-06-20T10:29:08.803Z,10,Saturday,"Kanye West, Ye, Ms. Lauryn Hill","5K4W6rqBFWDnAN6FQUkS6x, 3NlsBPwqJuDgtXZ2rv5Dmq, 2Mu5NfyYm8n5iTomuKAEHl"
MAMA’S FAVORITE (feat. Nine Vicious),,,7qsjL36A88SfiKCiMNGw1O,,BULLY - DELUXE,2026-06-19,2026-06-20T10:25:32.541Z,10,Saturday,"Kanye West, Ye, Nine Vicious","5K4W6rqBFWDnAN6FQUkS6x, 3NlsBPwqJuDgtXZ2rv5Dmq, 6Rs7Ufqb4h0FTuVg6wlqOy"
THIS A MUST,,,4rFi7Ws4b32pPSnqGDwbCc,,BULLY - DELUXE,2026-06-19,2026-06-20T10:22:49.219Z,10,Saturday,"Kanye West, Ye","5K4W6rqBFWDnAN6FQUkS6x, 3NlsBPwqJuDgtXZ2rv5Dmq"
KING,,,0bzDXvdOnnU4AuHJb3QfUP,,BULLY - DELUXE,2026-06-19,2026-06-20T10:21:22.511Z,10,Saturday,"Kanye West, Ye","5K4W6rqBFWDnAN6FQUkS6x, 3NlsBPwqJuDgtXZ2rv5Dmq"
Hiyeeley,,,57IMQ4tIa8BraCzvwlc8jX,,"Dur Dur of Somalia - Vol. 1, Vol. 2 (Analog Africa No. 27)",2018-09-14,2026-06-20T01:02:37.099Z,1,Saturday,Dur-Dur Band,4KDUfOJRuihzpcwO7jx9DF
LOVE YOU LESS,,,5bhTUxSNkAZ4H3uFjSJRTY,,LOVE YOU LESS,2026-01-02,2026-06-19T21:18:28.699Z,21,Friday,Joji,3MZsBdqDrRTJihTHQrO6Dq
Excavator,,,3AMs5vBhy3nCm1lzWiWazx,,OCTANE,2026-01-29,2026-06-19T21:07:00.381Z,21,Friday,Don Toliver,4Gso3d4CscCijv0lmajZWs
Excavator,,,3AMs5vBhy3nCm1lzWiWazx,,OCTANE,2026-01-29,2026-06-19T21:02:45.451Z,21,Friday,Don Toliver,4Gso3d4CscCijv0lmajZWs
Long Way To Calabasas,,,4d9XgQUSJCThHbH016Lb3X,,OCTANE,2026-01-29,2026-06-19T20:50:47.503Z,20,Friday,Don Toliver,4Gso3d4CscCijv0lmajZWs
The Moment,,,1UYj8qTWjneZJDVjUMwMub,,Currents,2015-07-17,2026-06-19T20:43:18.784Z,20,Friday,Tame Impala,5INjqkS1o8h1imAzPqGZBb
Nangs,,,1cCbsojaA6GIT7Y3zuMJ1q,,Currents,2015-07-17,2026-06-19T20:39:03.386Z,20,Friday,Tame Impala,5INjqkS1o8h1imAzPqGZBb
Nangs,,,1cCbsojaA6GIT7Y3zuMJ1q,,Currents,2015-07-17,2026-06-19T19:34:16.266Z,19,Friday,Tame Impala,5INjqkS1o8h1imAzPqGZBb
Let It Happen,,,2X485T9Z5Ly0xyaghN73ed,,Currents,2015-07-17,2026-06-19T18:06:32.713Z,18,Friday,Tame Impala,5INjqkS1o8h1imAzPqGZBb
"New Person, Same Old Mistakes",,,52ojopYMUzeNcudsoz7O9D,,Currents,2015-07-17,2026-06-19T17:56:55.907Z,17,Friday,Tame Impala,5INjqkS1o8h1imAzPqGZBb
Love/Paranoia,,,5h9hkYIBWTZYFRmF6Iz1gt,,Currents,2015-07-17,2026-06-19T17:50:52.656Z,17,Friday,Tame Impala,5INjqkS1o8h1imAzPqGZBb
Reality In Motion,,,3I7OmVsk4Hm5LBbs2GmhlD,,Currents,2015-07-17,2026-06-19T17:47:46.859Z,17,Friday,Tame Impala,5INjqkS1o8h1imAzPqGZBb
'Cause I'm A Man,,,2O99aywAVBhaPrsiJ6zbSS,,Currents,2015-07-17,2026-06-19T17:43:34.864Z,17,Friday,Tame Impala,5INjqkS1o8h1imAzPqGZBb
Disciples,,,2gNfxysfBRfl9Lvi9T3v6R,,Currents,2015-07-17,2026-06-19T17:39:32.823Z,17,Friday,Tame Impala,5INjqkS1o8h1imAzPqGZBb
Past Life,,,4a9fW33mYR8LhXBOLUhbfF,,Currents,2015-07-17,2026-06-19T17:37:44.270Z,17,Friday,Tame Impala,5INjqkS1o8h1imAzPqGZBb
The Less I Know The Better,,,6K4t31amVTZDgR3sKmwUJJ,,Currents,2015-07-17,2026-06-19T17:33:56.276Z,17,Friday,Tame Impala,5INjqkS1o8h1imAzPqGZBb
Gossip,,,79chzfFIIq7cHkqcYYORk0,,Currents,2015-07-17,2026-06-19T17:26:24.127Z,17,Friday,Tame Impala,5INjqkS1o8h1imAzPqGZBb
Eventually,,,5M4yti0QxgqJieUYaEXcpw,,Currents,2015-07-17,2026-06-19T17:25:28.721Z,17,Friday,Tame Impala,5INjqkS1o8h1imAzPqGZBb
Yes I'm Changing,,,0xtIp0lgccN85GfGOekS5L,,Currents,2015-07-17,2026-06-19T17:20:10.119Z,17,Friday,Tame Impala,5INjqkS1o8h1imAzPqGZBb
The Moment,,,1UYj8qTWjneZJDVjUMwMub,,Currents,2015-07-17,2026-06-19T17:14:45.625Z,17,Friday,Tame Impala,5INjqkS1o8h1imAzPqGZBb
Nangs,,,1cCbsojaA6GIT7Y3zuMJ1q,,Currents,2015-07-17,2026-06-19T17:08:31.578Z,17,Friday,Tame Impala,5INjqkS1o8h1imAzPqGZBb
Let It Happen,,,2X485T9Z5Ly0xyaghN73ed,,Currents,2015-07-17,2026-06-19T17:06:43.981Z,17,Friday,Tame Impala,5INjqkS1o8h1imAzPqGZBb
