track_id,nb_ecoutes,nb_periodes,est_like,nb_playlists
00NUowM70GCryxvjHPd26C,0.0,2.0,0.0,0.0
00WLowvlN5cjkYpQV6pjo4,0.0,3.0,1.0,1.0
00iwQgjIgoGO94BRBDyClo,0.0,2.0,0.0,0.0
00jXDm9BLNZdf2QC3Br0r7,2.0,3.0,1.0,0.0
01V9eIxh3ctGIuRxcS7Ppg,0.0,2.0,0.0,0.0
01iMj24ADbxjoOob3TBJfq,0.0,2.0,0.0,0.0
01iiEi9h8CQGUN2K1xBbTj,1.0,3.0,1.0,0.0
01z2fBGB8Hl3Jd3zXe4IXR,0.0,2.0,1.0,0.0
026yl5jzAywORnqJuKrSWA,0.0,2.0,0.0,0.0
02BcXEH1zJYbXSabPtNlKf,0.0,2.0,0.0,0.0
02hhPNnoYRlEsng2fyAzkm,0.0,0.0,0.0,1.0
02pl9SCwhSisXzzCv7eTEa,0.0,2.0,0.0,0.0
033IZMP0kKR0RC1h4Z2NVy,0.0,3.0,0.0,0.0
03K1H1mWOB4lbxs4Jszrgv,0.0,3.0,0.0,0.0
03auLpFLdCv4HozP4pQseu,1.0,3.0,1.0,0.0
03rcC8SVxCa9UdY5qgkITe,0.0,2.0,0.0,0.0
04H7h3KJAQp9JHCSPGlp9A,0.0,2.0,0.0,0.0
055T1TvSjL24CTUfTHSZs7,0.0,1.0,0.0,0.0
05gychGDaYtqT3sWQhZydb,0.0,1.0,0.0,0.0
05uPFGZ4teg2gM2Zv2BXou,0.0,0.0,0.0,1.0
061rTXN3Rdlvk0x3GDGtQy,0.0,3.0,1.0,0.0
06FCvd7rrRcF3DdvWH5Isp,0.0,2.0,0.0,0.0
086myS9r57YsLbJpU0TgK9,0.0,2.0,0.0,0.0
08F16baYbciTva9P4BvpiI,0.0,2.0,1.0,1.0
08FpkozV2zt63wxfUbx5A2,0.0,1.0,0.0,0.0
08HoJTQtpq4mtcmy6DbGZc,0.0,2.0,0.0,0.0
08dz3ygXyFur6bL7Au8u8J,0.0,2.0,0.0,0.0
08hGU2oAtPcVVNWKFI0CYI,0.0,1.0,0.0,0.0
08l9WKDuRyGeStQ9ojTlFh,0.0,3.0,0.0,0.0
090df4BpfETesA7Hg45G5d,0.0,2.0,0.0,0.0
093MlZS93ZKlHpGkmb3k3W,0.0,2.0,0.0,0.0
09mEdoA6zrmBPgTEN5qXmN,0.0,3.0,0.0,0.0
0AYH9prUs1YmeCY1UeyryX,0.0,3.0,0.0,0.0
0AiWH7wSRmxIVlbWi8WLEk,0.0,0.0,0.0,1.0
0Awr3NZMkRHQFabkMxW1VT,0.0,2.0,0.0,0.0
0B1J5HYVHLPZTyTN2b4nHW,0.0,3.0,0.0,0.0
0BKZmQ5yvCjIwCPrzNRyeC,0.0,3.0,0.0,0.0
0BxE4FqsDD1Ot4YuBXwAPp,0.0,1.0,0.0,0.0
0CrezUVlmwzV9NXOierVOX,0.0,1.0,0.0,0.0
0D3r9ZfTZxkbjK1uyvWybK,0.0,2.0,0.0,0.0
0D9yc110AaVMweJLTKVFjJ,1.0,3.0,1.0,2.0
0EH07hS7lnqoNnRet0g2oJ,0.0,2.0,0.0,0.0
0ERn3tYmuREilmcT97OykD,0.0,3.0,0.0,0.0
0EZCMaaBGOWcc4U5rjAYs7,0.0,3.0,0.0,0.0
0EfsDEYaSjGYd66Pr881nq,0.0,2.0,0.0,0.0
0EqH5Wz93cJtfUGv3vtQPY,0.0,2.0,0.0,0.0
0EsJdOSOrBfTo816lWRW4Q,0.0,1.0,0.0,0.0
0EvghNCYwy8bv3FXkBU8nc,0.0,3.0,0.0,0.0
0F13K9dwYH2zpTWiR8d628,0.0,2.0,0.0,0.0
0F1rlXkOcI1Iqfz9Y3BdO4,0.0,2.0,0.0,0.0
0FMAKUsgIBszj75WEENYDO,1.0,3.0,0.0,0.0
0FlcmZ13DGRmscCroro9GO,0.0,3.0,0.0,0.0
0G3bEPBGxGxr1PjyBcTpFq,0.0,3.0,0.0,0.0
0G8CZ0Y5yTYpdIZLJaACxY,0.0,0.0,0.0,1.0
0GuHoXCNxoB3SPiYlnrC4X,0.0,2.0,0.0,0.0
0IJK096XrKQd14Q6fNqW0e,0.0,2.0,0.0,0.0
0IX5OFffosy8wk16m1IFCa,0.0,2.0,0.0,0.0
0IabpxMpUV7waD7U4uDIMJ,0.0,2.0,0.0,0.0
0InIeZW4P6VO7dUGRM4AKH,0.0,2.0,0.0,0.0
0IuE6FnXPCdZ8NLuuvJRhb,2.0,3.0,0.0,1.0
0JIMT9gzLIIz0esKLyjbKf,0.0,2.0,0.0,0.0
0Ja4OhirhQHfB72Cq3B3DF,0.0,1.0,0.0,0.0
0Ji9UonfwC90rbZ4IaQhOb,0.0,2.0,0.0,0.0
0L6yIvYe3HpLG5nkB4LfB1,0.0,2.0,0.0,0.0
0Li1OuXXfi7950ilZUFGkF,0.0,2.0,0.0,0.0
0LtOwyZoSNZKJWHqjzADpW,0.0,2.0,0.0,0.0
0Ly7EMXFwXdZaiO6qnZkp7,0.0,1.0,0.0,0.0
0MIdCt5Uo0r0BKk4IuGDJh,0.0,0.0,0.0,1.0
0MRooJn2J6iXQnzFdFSpRR,0.0,2.0,0.0,0.0
0MlgBMKwnMQCsQiiQ2bnGN,0.0,0.0,0.0,1.0
0N2Nx2lwHuqA203ZXoTwQL,0.0,3.0,0.0,0.0
0NdTUS4UiNYCNn5FgVqKQY,0.0,2.0,0.0,0.0
0NfYAsKygCYwPA2BgTZ1qg,0.0,1.0,0.0,0.0
0NkkbKSzQ50mAoSUbQpgLw,0.0,2.0,0.0,0.0
0NrtwAmRAdLxua31SzHvXr,0.0,2.0,0.0,0.0
0O3TAouZE4vL9dM5SyxgvH,0.0,2.0,1.0,0.0
0O6lm9N6qJclxNFHl51nkr,0.0,1.0,0.0,0.0
0OGgCTROwM0EuMiuyt42Jx,0.0,0.0,0.0,1.0
0On1SxfkvTOfzvjVgFLK7V,0.0,3.0,0.0,0.0
0OoNzMdPSgbkM5MkcuEZfm,0.0,2.0,0.0,0.0
0P2Dxoy0mdzM9NlFQoLZbc,0.0,2.0,0.0,0.0
0PHrcmOtDE89ew4vVEaD7S,0.0,3.0,0.0,0.0
0QyJXG36Q3Kta662XS8GhY,0.0,2.0,0.0,0.0
0R3TWpoxAhT3HDXM7tpRzS,0.0,2.0,0.0,0.0
0RC23Ua9z3HUD9ssrX2VGj,0.0,2.0,0.0,0.0
0REaf0xqIOxEXGZgOXfrCW,0.0,3.0,0.0,1.0
0RQxL39qNNNf8bGEnBXxmp,0.0,0.0,0.0,1.0
0ReoK9isNvJmI7nV2iJcNR,0.0,2.0,0.0,0.0
0Rf0znjClL6WXnJClLDFFp,0.0,1.0,0.0,0.0
0RgjEkSbeuStKfT2Pa4Zai,0.0,2.0,0.0,0.0
0SeTP12t4EwBJ6zsjHn9Wa,0.0,2.0,0.0,0.0
0TZejo18HlJ86OrWNsXKnw,0.0,2.0,0.0,0.0
0TrtQY1GaxehOsttX2x3gF,0.0,1.0,0.0,0.0
0U0ldCRmgCqhVvD6ksG63j,0.0,2.0,0.0,0.0
0U1uQvYa0FTXSadLoBe4tE,0.0,2.0,0.0,0.0
0UagSHli8kFZPGSafxai5o,0.0,2.0,0.0,0.0
0V4l4GQhgnWQGtCWpvA7va,0.0,2.0,0.0,0.0
0VEckWCkjfEPFEhsly59hK,0.0,2.0,0.0,0.0
0VF7YLIxSQKyNiFL3X6MmN,0.0,2.0,0.0,0.0
0VjIjW4GlUZAMYd2vXMi3b,0.0,2.0,0.0,0.0
0WQiDwKJclirSYG9v5tayI,0.0,2.0,0.0,0.0
0WSEq9Ko4kFPt8yo3ICd6T,0.0,2.0,0.0,0.0
0XnLz9p0BIxiuZmYphZ8Lo,0.0,1.0,1.0,0.0
0XpxBV69JUDfqyzrJbndsw,0.0,3.0,0.0,0.0
0YJ9FWWHn9EfnN0lHwbzvV,0.0,3.0,0.0,0.0
0YuePEX4KyfLIPMdNLPwgQ,0.0,2.0,0.0,0.0
0Z2J91b2iTGLVTZC4fKgxf,0.0,2.0,0.0,0.0
0aB0v4027ukVziUGwVGYpG,0.0,3.0,0.0,0.0
0aQ5PVxq9ahFSZxVPYOS3w,0.0,3.0,0.0,0.0
0aeCRbRgigusCMzPl1ATjW,0.0,1.0,0.0,0.0
0bH5mKDMS1YLmCeM9HBbU0,0.0,0.0,0.0,1.0
0bgf45RDVwGK6jqVE9LeHx,0.0,2.0,0.0,0.0
0cQVqPuHQP4KEwc7ZUQmj6,0.0,1.0,0.0,0.0
0cbO20ZF2lFflZGnNUHhGB,0.0,2.0,0.0,0.0
0cmy2TM6lNsRFBcaZuss1D,0.0,2.0,1.0,0.0
0d28khcov6AiegSCpG5TuT,0.0,2.0,0.0,0.0
0dy6iXYIF0piirySAzCBwF,0.0,3.0,0.0,0.0
0eAuGrXyGFYwur9ARUe7LJ,0.0,2.0,0.0,0.0
0eF8TYM3rYzdS26URcs4U6,0.0,1.0,0.0,0.0
0eSENUPI9OKseZRzli8QXS,0.0,1.0,0.0,0.0
0eaVIYo2zeOaGJeqZ5TwYz,0.0,3.0,0.0,0.0
0eh0TQK1S209s9kovG0EWf,1.0,3.0,1.0,0.0
0f2picv8H9uAOWk8BhMgEY,0.0,3.0,0.0,0.0
0f8eRy9A0n6zXpKSHSCAEp,0.0,2.0,0.0,0.0
0fD7KBtQgPR1YCtuPAsyZJ,0.0,2.0,0.0,0.0
0fX4oNGBWO3dSGUZcVdVV2,0.0,2.0,0.0,0.0
0gSJ32sIBQQvGhCatvW4nO,0.0,2.0,0.0,0.0
0gl5Yt7KlvwIb8LmPHmBTc,0.0,2.0,0.0,0.0
0gucTLf7trAf37Ua1uAyAu,0.0,2.0,0.0,0.0
0gwCQvjDPCTFEq9790FGdC,0.0,3.0,0.0,0.0
0hHZeRGZ0qHflTACfJxUsI,0.0,2.0,0.0,0.0
0haXcqxsgfbGTq6OYjLyIs,0.0,3.0,0.0,0.0
0haqbQIGxiZxt1U9WODb9q,0.0,1.0,0.0,0.0
0iAjZnwrsk1dL1j18ud8rQ,0.0,2.0,0.0,0.0
0iIut6VJ8lIT5di5ejg78O,0.0,2.0,0.0,0.0
0iLJ7hUnapsQqS3HzDoYRt,0.0,0.0,1.0,0.0
0j0majKoNlF7GkwA8xNQHG,0.0,3.0,0.0,0.0
0j1vvE8fznuoEtoF0vVkTj,0.0,1.0,0.0,0.0
0j3obufLXq5toSs592dX9U,1.0,3.0,0.0,0.0
0j7S7ie03ByoLerqyZeOhp,0.0,0.0,0.0,1.0
0jNFDcGAXPs5ahngmD5R6n,0.0,2.0,0.0,0.0
0je4e2yWIp8SKV6oHCbNdm,0.0,0.0,0.0,1.0
0jhgOpwjx6TgKmiUkuV3ba,0.0,2.0,0.0,0.0
0k4GqMnFhQwkHX3HpYuqZX,0.0,1.0,0.0,0.0
0kiE3bYbMMhUvvULmPHPKE,0.0,0.0,0.0,1.0
0lWjRSzq5chA9fps3pM8Zr,0.0,2.0,0.0,0.0
0lXJL0unztXDdIOXu5xCML,0.0,1.0,1.0,1.0
0lkiYQxb5Q8MSEqd9d9CcW,0.0,0.0,0.0,1.0
0mEdbdeRFQwBhN4xfyIeUM,0.0,2.0,0.0,0.0
0mL82sxCRjrs3br407IdJh,0.0,2.0,0.0,0.0
0mNbLrssJi9WiERtTWs8jD,0.0,2.0,0.0,0.0
0mO6oS60RST2sWmN2FKknP,1.0,3.0,0.0,0.0
0mmgpCQiuPIcQcEsSXLf4H,0.0,2.0,0.0,0.0
0msrDPXxZpts4FRnoX0bFr,0.0,2.0,0.0,0.0
0nMX1lL1FPkKjzAnNvTBFz,0.0,2.0,0.0,0.0
0nZOUQ1s1Sv3cMsSoljmXX,0.0,2.0,0.0,0.0
0nj9Bq5sHDiTxSHunhgkFb,0.0,2.0,0.0,0.0
0o0NMZrR5sjdGA1mRYmwgt,0.0,1.0,0.0,0.0
0omq85l4CACh9M3VLo0syk,0.0,3.0,0.0,0.0
0pJTrMWCiR0TuJ5FApIqrz,0.0,2.0,0.0,0.0
0paIDUEcixm7WmcC72KgKZ,0.0,2.0,0.0,0.0
0q6LuUqGLUiCPP1cbdwFs3,0.0,1.0,1.0,0.0
0qZi3MFywKuNMIzeSgdMM8,0.0,2.0,0.0,0.0
0rIQ00YTQMY0EPy01bQWzI,0.0,2.0,0.0,0.0
0rOLFkjY5DSIViVBNnzOuK,0.0,0.0,1.0,0.0
0rdWkO7ncrh1lrJGDmLq9L,0.0,2.0,0.0,0.0
0s3NwbrNRsUTVJVdBeD5Wa,0.0,2.0,0.0,0.0
0s5WoPOMWXAZlnuY5D70yc,0.0,2.0,0.0,0.0
0sAUacVQZzAc5oK3i7BLP5,0.0,2.0,0.0,0.0
0sLkUYd18g6I9pW0UJfhpH,0.0,2.0,0.0,0.0
0tIi8FsNFChexzMAkkjCcE,0.0,3.0,1.0,2.0
0tMSssfxAL2oV8Vri0mFHE,0.0,2.0,1.0,0.0
0tbar3AoobXRjfhlh7b95g,0.0,2.0,0.0,0.0
0teLNtPfTU0gUfpHiIMMrW,0.0,2.0,0.0,0.0
0tfvDUmADEEEqrPcRJNT29,0.0,3.0,1.0,0.0
0th0FNZ2H58oLnPQmvHDSV,0.0,2.0,0.0,0.0
0u02KlM423NJeAxFO6CwpP,0.0,1.0,0.0,0.0
0u2P5u6lvoDfwTYjAADbn4,0.0,2.0,0.0,0.0
0udOCZp7yk0Ml92C0k8H8D,0.0,2.0,0.0,0.0
0v77CKfWL674MT6WrwOahZ,0.0,0.0,0.0,1.0
0vLG3RWBi2DsaZMwqjyWhZ,0.0,0.0,0.0,1.0
0vgFEMYJE030hgJPCMCfiO,0.0,2.0,0.0,0.0
0vjeOZ3Ft5jvAi9SBFJm1j,0.0,2.0,0.0,0.0
0vxtdLcsPbPKVfCe1TwJir,0.0,0.0,0.0,1.0
0wJ9zDx3bJEgYtAAQde1KZ,0.0,2.0,0.0,0.0
0wzCQjc8JRa39ej1TFkAFt,0.0,2.0,0.0,0.0
0xtIp0lgccN85GfGOekS5L,1.0,3.0,0.0,0.0
0y60itmpH0aPKsFiGxmtnh,0.0,2.0,0.0,0.0
0y8Pu7x5jXgUjOIJvQIF5L,0.0,2.0,0.0,0.0
0yJJZwiCj2rP44HQToOoXx,0.0,0.0,0.0,1.0
0yMEY3dOIIrE3RMx1DTHVp,0.0,3.0,0.0,0.0
0yYTRodDOWqZZ0AWa2qxHH,0.0,2.0,0.0,0.0
0zF3x7KOE8UUGRciQ8jvAM,0.0,0.0,0.0,1.0
0zIZos26a6OXHhrfqJfGsD,0.0,1.0,0.0,0.0
0zQwnvv9A41q7sQPSEPL4s,0.0,2.0,0.0,0.0
0zjJCu74zK2nPlmM4Cgz3A,0.0,3.0,0.0,0.0
106VaijQt878C5ZZeChL6T,0.0,1.0,0.0,0.0
10D52Ymf8mtTvPPdQ5HIyS,0.0,2.0,0.0,0.0
10u7eI4pU3T54ppX7uEOuA,0.0,0.0,0.0,1.0
11zqgiZxvNCb1pCgJxw99V,0.0,2.0,0.0,0.0
12iEt5FGyU5ZchitT4PrW4,0.0,2.0,0.0,0.0
12wDKbddX9bUYHd1Rl8gmu,0.0,3.0,0.0,0.0
13CvK7typ0qYle19p9Vahn,0.0,2.0,0.0,0.0
13HsOwrwTA5HgLuoaDHncP,0.0,1.0,0.0,0.0
13KXeGtc1zYLzvPj3CgLcy,0.0,2.0,0.0,0.0
13QU8HBEBaSTZGq1HzQe9S,0.0,2.0,0.0,0.0
14WUtx81AxHBwOjMlTd8cT,0.0,0.0,0.0,1.0
14qNHvX8h6HoynFuV0RxWS,0.0,3.0,1.0,0.0
15I2gq8Nill5zwxabTFD6f,0.0,2.0,0.0,0.0
15egmDkCQ27CJHQHLxMC5J,0.0,1.0,0.0,0.0
15hJmqqEtASVXl6sM7i4UF,0.0,2.0,0.0,0.0
15pyFQHCTVp6T7vaWctSgO,0.0,2.0,0.0,0.0
15rJDmfpMhdXAkbmtj8TUW,0.0,2.0,0.0,0.0
163l4Itf8oDEK7ZYdVm22N,0.0,2.0,0.0,0.0
16yVaWo0Gmvs2wlnmJbcH7,0.0,3.0,0.0,0.0
173Vm92O7P7Ehnxh2aHJky,0.0,1.0,0.0,0.0
177MZraDAxjRqqtZBz5Vhn,0.0,3.0,0.0,0.0
17vtJFWVii71NgcLDvvJEz,0.0,0.0,0.0,1.0
18Qg63wN0AVz5cAaoeIkBe,0.0,0.0,0.0,1.0
19YKaevk2bce4odJkP5L22,0.0,2.0,0.0,0.0
19cgfclwwxsGGwaEbOn0B2,0.0,2.0,0.0,0.0
19fKJrO9XdOf6Xla2QHecO,0.0,2.0,0.0,0.0
1AFW3QBDjBmb4EL9gyiYhe,0.0,1.0,0.0,0.0
1AXsHbdIYx2OyKmdOcIL5T,0.0,3.0,0.0,0.0
1AZXNAVDD9ZFIEKySgflFz,0.0,2.0,0.0,0.0
1AnXS6kNg5KXTtDOIy8Cao,0.0,3.0,1.0,0.0
1Avnd5xLg7HmaNofmYk7RQ,0.0,2.0,0.0,0.0
1B3YSc9Pgkf3S1ly3ks7kO,0.0,2.0,0.0,0.0
1BLOVHYYlH4JUHQGcpt75R,5.0,3.0,1.0,0.0
1BM5gvK1PYPahpGPbcKM9F,0.0,1.0,0.0,0.0
1BViPjTT585XAhkUUrkts0,0.0,2.0,0.0,0.0
1BpKJw4RZxaFB88NE5uxXf,0.0,3.0,0.0,0.0
1C7KSXR2GVxknex6I4ANco,0.0,2.0,0.0,0.0
1CILQFcXfak3seaC9ZYapW,0.0,0.0,0.0,1.0
1D3z6HTiQsNmZxjl7F7eoG,0.0,2.0,0.0,0.0
1DT8AOQiKm9nd3Atorxny5,0.0,2.0,0.0,0.0
1DWZUa5Mzf2BwzpHtgbHPY,0.0,2.0,0.0,0.0
1DzMeXSxKSy6IqIR2xXbEG,0.0,1.0,0.0,0.0
1E43TJhKcM8hXgM958ROQ1,0.0,2.0,0.0,0.0
1EPlW9rLM3bmE84JB1VpFU,0.0,0.0,0.0,1.0
1EaKU4dMbesXXd3BrLCtYG,0.0,2.0,0.0,0.0
1F4Sia9UHvh5JuPV7bwgix,0.0,2.0,0.0,0.0
1FJrsh1NbV9eRw5JQt3M4e,0.0,2.0,0.0,0.0
1FWs6oltUx1bRYuL6RtJ1y,0.0,0.0,0.0,1.0
1FjpYJ1tVHG3r0xDhZ3tTc,0.0,1.0,0.0,0.0
1FnHpM2zimTALdIvuxFoNM,0.0,3.0,1.0,1.0
1FpjiEapAG8XJdVSI0tvdc,0.0,2.0,0.0,0.0
1FsPinqSsFnPIKXfm8SHJM,0.0,3.0,1.0,0.0
1GEMnhvPe986chSxSBH5cc,0.0,1.0,0.0,0.0
1GFz4dKoSUt9aOBeLJFfJh,0.0,2.0,0.0,0.0
1GxaEkfGQrN6cuUOMJ8yqi,0.0,2.0,0.0,0.0
1H8kjcgfcRC5vneGqEpksy,0.0,1.0,0.0,0.0
1HVYQj4liQb1QOygBfjZqV,0.0,3.0,1.0,0.0
1HpAxf0kdqZSAisutLE5CW,0.0,2.0,0.0,0.0
1HwbgJAU9PZ7YbzKgVgoIF,0.0,2.0,0.0,0.0
1IT0WQk5J8NsaeII8ktdlZ,12.0,3.0,1.0,0.0
1IdZvb2XK8NmsovQlV6CPn,0.0,2.0,0.0,0.0
1IqF5PUDUnaykHLs0RWbDO,0.0,2.0,0.0,0.0
1JKVJrftVGTtrRdVabjwdl,0.0,1.0,0.0,0.0
1JKcdDCv8Yk39VRWMxx8Lj,0.0,2.0,0.0,0.0
1JRfP5jkBm7zS8B0k7Xj66,0.0,2.0,0.0,0.0
1JpcqmUlzNlK7lpFOkszzv,0.0,2.0,0.0,0.0
1KIJclzEbNhSVw8tiHPWwE,0.0,1.0,0.0,0.0
1KUMjY3uaBMNRDyZA8lP2I,0.0,1.0,0.0,0.0
1KYe04kDLflLdoJ9kNBY2u,0.0,1.0,0.0,0.0
1KcOU0q9AMXV9xi4tSzzCc,4.0,3.0,1.0,0.0
1Koyk88aO79T5DRLVPzFSJ,0.0,2.0,0.0,0.0
1KuVdyg8d6NlRhbpHxg5UF,0.0,2.0,0.0,0.0
1L0C3xvOtzHSOSZ5T59n0L,0.0,1.0,1.0,2.0
1LBM6XUUkquQ2VYu9XUpFi,0.0,1.0,0.0,0.0
1LgsXA4a4D7i9tvMeiziIq,0.0,3.0,1.0,0.0
1LpNJ91prwtIL4gJAbEgsL,0.0,3.0,0.0,0.0
1Lrc64Ybv6dxb3O2NnE19l,0.0,0.0,0.0,1.0
1M6QoImqZuouSPRRDL6QWE,0.0,3.0,0.0,0.0
1M6Ty15k6azK0Az2Fm3Mhh,0.0,1.0,0.0,0.0
1NXbNEAcPvY5G1xvfN57aA,0.0,3.0,0.0,0.0
1NeLwFETswx8Fzxl2AFl91,0.0,3.0,0.0,0.0
1NpHJ96ljWvqdbjlyc9GtT,0.0,2.0,0.0,0.0
1OXGJ7jRok4c3KBnIYkuwH,0.0,3.0,0.0,0.0
1OdxQvBNOgCDE3SyqoEDha,0.0,2.0,0.0,0.0
1OubIZ0ARYCUq5kceYUQiO,0.0,2.0,0.0,0.0
1PDP7mLiAMwhfmgIwzhOm2,0.0,2.0,0.0,0.0
1PS1iGV5JL3hLwtRgI7zFo,0.0,3.0,0.0,0.0
1Q0y0P9zcU4Lk63k6DD94Y,0.0,0.0,0.0,1.0
1QJ2l3k2BFJypRUT5M4mLg,0.0,1.0,0.0,0.0
1QPreu0BNOrUfEb8HTd2qG,0.0,2.0,0.0,0.0
1Qrg8KqiBpW07V7PNxwwwL,0.0,3.0,0.0,0.0
1REVvAphiSTJyKQ1fDpHa4,0.0,2.0,0.0,0.0
1RbHmJD09PEQiiXnekzGLq,0.0,3.0,0.0,0.0
1Rd5OVjqDAr5xC96MHt448,0.0,2.0,0.0,0.0
1S8p8ckDT2D6imAfsppGRl,0.0,2.0,0.0,0.0
1SGvjfc85yzqKXsfKcCxn2,0.0,2.0,0.0,0.0
1T5tDibcj3AmFmPxYGm6vp,0.0,3.0,0.0,0.0
1TGvFkVHNUkTo4u2jf61xc,0.0,1.0,0.0,0.0
1TK2iF5KlY8OEm5k5AeyBk,0.0,2.0,0.0,0.0
1TN4ADlq3dgBI99GtL4fP1,0.0,3.0,0.0,0.0
1UGD3lW3tDmgZfAVDh6w7r,0.0,2.0,0.0,0.0
1UYj8qTWjneZJDVjUMwMub,1.0,3.0,1.0,1.0
1UrwT7SVYhmar8MO49CBDf,0.0,1.0,0.0,0.0
1VShZr9UaS2B70uOIWODhC,0.0,3.0,0.0,0.0
1VeHgjA3KTfiMYM4pL1nXX,0.0,3.0,0.0,0.0
1VfMTm8jgLBitZcYFgaG8Y,0.0,3.0,0.0,0.0
1W0OCrMsRP1SLTEdw3JwEz,0.0,3.0,0.0,0.0
1W90gq2Ce9ZLkcP7iidopS,0.0,1.0,0.0,0.0
1Wsbr1d2BouNGk2q92mIj7,0.0,2.0,0.0,0.0
1Xf9s0vxxGyiMHQDtxK9Cu,0.0,3.0,0.0,0.0
1XrSjpNe49IiygZfzb74pk,0.0,2.0,0.0,0.0
1YtL1zAWrSxpZUOqfmPbc5,0.0,2.0,0.0,0.0
1Z2FvDFZSDQ23s4BDqpWqZ,0.0,1.0,1.0,0.0
1Z8LjpnsFbdY4ua15G4ytb,0.0,1.0,0.0,0.0
1ZB0JixVdhHNfaLZzavSSu,0.0,0.0,0.0,1.0
1ZbgTznBqzVyazgOtO9vG4,0.0,2.0,0.0,0.0
1ZgMsA55GIY7ICkQh5MILA,0.0,1.0,0.0,0.0
1ZnVngOFv3HxxTWibBVtYx,0.0,3.0,0.0,0.0
1aOxOpH4AkGAd8OMrKjyNY,1.0,3.0,0.0,0.0
1aYtTHc728eIV25ed9tKJI,0.0,3.0,0.0,0.0
1awPKCucOl2zbghME5IRrW,0.0,3.0,0.0,0.0
1b5DLiOTtF2MORXJz6dyJQ,0.0,2.0,0.0,0.0
1bcfh9P7IrHBr7aJEqTqFk,0.0,3.0,0.0,0.0
1cCbsojaA6GIT7Y3zuMJ1q,1.0,3.0,0.0,0.0
1dbar1XukTbn7FQzQTqDQK,0.0,2.0,0.0,0.0
1dhuA9TeaRBxzuR3Oqtucs,0.0,0.0,0.0,1.0
1dvqHhLNccePPBHq11TW7v,0.0,3.0,0.0,0.0
1dxLaa1LnR7GjbFfJ3dn7U,0.0,0.0,1.0,0.0
1e1JKLEDKP7hEQzJfNAgPl,0.0,2.0,0.0,0.0
1eGYO1RzVRdphhWT86DSr9,0.0,2.0,0.0,0.0
1eQBEelI2NCy7AUTerX0KS,0.0,2.0,0.0,0.0
1eyzqe2QqGZUmfcPZtrIyt,0.0,1.0,0.0,0.0
1fI2fpUb0zLuMPwEzIuoOr,0.0,1.0,0.0,0.0
1fOkmYW3ZFkkjIdOZSf596,0.0,2.0,1.0,1.0
1fewSx2d5KIZ04wsooEBOz,0.0,2.0,0.0,0.0
1fmKuZ0x8dxCjoP0tUT9TO,0.0,3.0,1.0,0.0
1foMv2HQwfQ2vntFf9HFeG,0.0,1.0,0.0,0.0
1g2CBaMEc0l5Q62ITybwyt,0.0,3.0,0.0,0.0
1gebSbnadmLzIU58SvJtHG,0.0,0.0,0.0,1.0
1gqkRc9WtOpnGIqxf2Hvzr,0.0,3.0,1.0,0.0
1grOl5UNPBMDtrW96KbNdH,0.0,3.0,0.0,0.0
1h0pnN5qyrpfQMnwrGzuCu,0.0,2.0,0.0,0.0
1hqOqF2CFZoKri1bpqGT1U,0.0,1.0,0.0,0.0
1ijYk2EYwj0rGqYwtjiAUJ,0.0,2.0,0.0,0.0
1jHiP5OoRNAzKx6i8qIyKg,1.0,1.0,0.0,0.0
1jJci4qxiYcOHhQR247rEU,0.0,1.0,0.0,0.0
1jKXjxMWlq4BhH6f9GtZbu,0.0,3.0,0.0,0.0
1kzNSl6M58cxfr8ac6xvhw,0.0,2.0,1.0,0.0
1lJOLxDS8kS2rihrqezMcv,0.0,2.0,0.0,0.0
1lnMkBA41MYGx1hCEnXtDI,0.0,1.0,0.0,0.0
1lt1EIKUFXjvqqNWWmoxc7,0.0,2.0,0.0,0.0
1m6z10eCxPdgqGWO6Wbn3p,0.0,3.0,0.0,0.0
1nH2PkJL1XoUq8oE6tBZoU,0.0,2.0,0.0,0.0
1nLqw8p8uNs6Q69OIFXggy,0.0,0.0,0.0,1.0
1nbqpwGdw0TkLFYlAIjOyH,0.0,0.0,1.0,0.0
1o04v1KGFM5sBmYSAAGzeu,0.0,3.0,0.0,0.0
1o0kWPueYo94LIjPYOE5Nf,0.0,2.0,1.0,0.0
1oFAF1hdPOickyHgbuRjyX,0.0,2.0,0.0,0.0
1oskTkrgnFD1zFcv2P9YLk,0.0,1.0,0.0,0.0
1otG6j1WHNvl9WgXLWkHTo,0.0,2.0,0.0,0.0
1p0rEzrK7YtdRZVtiyV7RN,0.0,3.0,1.0,0.0
1pCTvUpBh44pD2YvdBRMDg,0.0,1.0,0.0,0.0
1pacwLXyRO47ka0v6LTIiY,0.0,2.0,0.0,0.0
1qtiESAzfGMw3YqJvI97ki,0.0,2.0,0.0,0.0
1rIKgCH4H52lrvDcz50hS8,0.0,2.0,0.0,0.0
1rKOKk1RnnRIfoTPwNkeGK,0.0,3.0,0.0,0.0
1sOW4PuG5X3Ie3EXUhAopJ,0.0,2.0,0.0,0.0
1soDkGmh7QwHQE2UcNybUV,0.0,2.0,0.0,0.0
1svuouRvqWANBZJ0WqhLRn,0.0,1.0,0.0,0.0
1tYArr1Y6jFMBYtpq2HACG,0.0,0.0,0.0,1.0
1tZcw7GtIqviL32bzaKdSo,1.0,3.0,1.0,0.0
1uY1X8YeBixs1FdQ3fQ7d4,0.0,2.0,0.0,0.0
1ucnuV88gFTfR3BalmznDk,0.0,2.0,0.0,0.0
1udGa2Ww3YIVSp5X4OMHFQ,0.0,2.0,0.0,0.0
1udOZftd1UOs5WTDPrG97k,0.0,1.0,1.0,0.0
1ujO5l3PYwEUYa5GZtHJAy,0.0,2.0,0.0,0.0
1unBUyjeQUDiJ8N89XiDrr,0.0,3.0,0.0,0.0
1vH3BkNnHqOpWA4jsmDEH2,0.0,3.0,0.0,0.0
1vvnYpYEMVB4aq9I6tHIEB,0.0,2.0,0.0,0.0
1wGpEisE7VmhhSazD8hZ5l,0.0,2.0,0.0,0.0
1wHZx0LgzFHyeIZkUydNXq,0.0,1.0,0.0,0.0
1wQsCynb9zccqZNtAz2CTd,0.0,3.0,1.0,0.0
1wbba6PHMvfYECI07VsfNl,0.0,3.0,0.0,0.0
1xO3PpGchMqMmmF6OEtH5Y,0.0,2.0,0.0,0.0
1xVVYE1ahLotRpppJViVzs,0.0,2.0,0.0,0.0
1xYpVRspgaLxdJLOTQkTjg,0.0,2.0,0.0,0.0
1xp6YOsmCBPDDXFkjAO7mM,0.0,1.0,0.0,0.0
1y9kw88x5zwG9Pyxu3veQ2,0.0,3.0,1.0,0.0
1yAl2fzb4B61KI3ZwA0Iuq,0.0,0.0,0.0,1.0
1zFbBrZmJr1Z49HYe84dBg,0.0,2.0,0.0,0.0
1zKwulPt1jOqEhRbiXfTxa,0.0,2.0,0.0,0.0
1zTGRPGqfZP0cfyTmoQP0V,0.0,2.0,0.0,0.0
1zgHn1EqUyA0HqNYMdJ5ia,0.0,2.0,0.0,0.0
1zi7xx7UVEFkmKfv06H8x0,0.0,3.0,0.0,0.0
20MuVazoNMv6xjKPnRFOxG,0.0,3.0,0.0,0.0
21LPWm16bXNk8jW6dJddPP,0.0,3.0,0.0,0.0
21LSOdc4guktrrG3PfN7OZ,0.0,0.0,0.0,1.0
21byfhwYAw4fxV2iq7iAdN,0.0,2.0,0.0,0.0
221qmpQeBNV87sUjQeUTVH,0.0,2.0,0.0,0.0
22QiTJqDn1BIRSh4mkNJ5w,0.0,2.0,0.0,0.0
22c6808RKFif6VsIeqJCAG,0.0,2.0,0.0,0.0
22e85kiUQV6Q8zaStxaM1f,0.0,2.0,0.0,0.0
22ykS8KWpd2r4zcRZ0XMK5,0.0,2.0,0.0,0.0
23UoI3jlFiWdo5jadUYo69,2.0,3.0,1.0,0.0
23luOrEVHMfoX0AhfbQuS6,0.0,2.0,0.0,0.0
24p1C9WueGBQLURpKc3oO8,0.0,2.0,0.0,0.0
25FYpwvSt61i16hs8qvoqe,0.0,3.0,0.0,0.0
25VSpwcEwlTW06eZicZt9G,0.0,0.0,0.0,1.0
25fLIFbAV7zBetOH077pDl,0.0,2.0,0.0,0.0
263KsGZODTZouh3RFGNaLX,0.0,2.0,0.0,0.0
26CfdVmYf0hNvP6SJXF0vQ,0.0,1.0,0.0,0.0
26YMMDjKKH7kAgCFEjpRkT,0.0,2.0,0.0,0.0
26crqErNUxxXERxSfWm5Ku,0.0,3.0,1.0,0.0
27DZsCvzex3F1GrB9j6d9U,0.0,3.0,0.0,0.0
27a1mYSG5tYg7dmEjWBcmL,0.0,3.0,0.0,0.0
27fM2vCagupjsvobWsHUgb,0.0,1.0,0.0,0.0
28qA8y1sz0FTuSapsCxNOG,0.0,2.0,0.0,0.0
292eqQLvykPgiJf53mH8fz,0.0,1.0,0.0,0.0
294NusLyTV6cRxJVjCqxML,0.0,2.0,0.0,0.0
29DcaMwyEe0ibA4n0pNre2,0.0,2.0,0.0,0.0
29TPjc8wxfz4XMn21O7VsZ,0.0,2.0,0.0,0.0
29m5S52N8hdny9n5l3Q5J4,0.0,2.0,0.0,0.0
29sbEEB0w4aAY3FofzzEjy,0.0,2.0,0.0,0.0
2A4xTe1uOdRKKJUyilAqrF,0.0,2.0,0.0,0.0
2A5cwtDZpk7RvsPolrF4UL,0.0,3.0,0.0,0.0
2AAK63kYqgxtI4aqvOVQRW,0.0,1.0,0.0,0.0
2AXyDKTC0kFvSiQPgje4ql,0.0,3.0,0.0,0.0
2BGjWO4iAcGM6bkIMy7h4V,0.0,1.0,0.0,0.0
2BcnxwxBuar5wjCaLqm5N3,0.0,2.0,0.0,0.0
2BpuEf9vbXMMog5cBzl0Aj,0.0,3.0,0.0,0.0
2C0KFbb4v9CNWR5c9jWcKC,0.0,2.0,0.0,0.0
2CGNAOSuO1MEFCbBRgUzjd,0.0,1.0,0.0,0.0
2CHmgtK8OCL28WtIK96u4N,0.0,2.0,0.0,0.0
2CNaYt7KbFqUrATbZZPY21,0.0,2.0,0.0,0.0
2CVV8PtUYYsux8XOzWkCP0,0.0,2.0,0.0,0.0
2Ch7LmS7r2Gy2kc64wv3Bz,0.0,1.0,1.0,0.0
2Ck70DwcyAnqIWkE12ZOn2,0.0,2.0,0.0,0.0
2D4dV2KXDTszzJ3p3cFqhA,0.0,3.0,1.0,0.0
2DHNCWZYmVr1Lv08q5b0kB,0.0,1.0,1.0,0.0
2EXZpgPGoidjtyua5ATJbf,0.0,1.0,0.0,0.0
2Ejyg4CavumEr7lFUkk9aF,0.0,3.0,0.0,0.0
2EpHHxjFYlNRYPxL43YesS,0.0,2.0,0.0,0.0
2FfAfWWbsZXX0OCVSRVt6N,0.0,0.0,0.0,1.0
2Fqc3RHu9wA1mBhKLgejWp,0.0,2.0,0.0,0.0
2FycFFuNMVVYIiIqeldXF5,0.0,2.0,0.0,0.0
2GAhgAjOhEmItWLfgisyOn,0.0,2.0,0.0,0.0
2GHKo6nrSjruvBEQbzD7Fw,0.0,3.0,0.0,0.0
2GflWmANujk7PnmEcv5RbF,0.0,3.0,0.0,0.0
2Ghp894n1laIf2w98VeAOJ,0.0,2.0,0.0,0.0
2Gl1Qdx5Px5kVYe0PQoGI0,0.0,2.0,0.0,0.0
2Gq70af8SGlNYY3ADcjwAR,0.0,1.0,0.0,0.0
2HSmyk2qMN8WQjuGhaQgCk,0.0,3.0,1.0,0.0
2HbKqm4o0w5wEeEFXm2sD4,0.0,1.0,0.0,0.0
2HbYLDA1SigY1ilC94ieVu,0.0,2.0,0.0,0.0
2HcMkGeghyXdJRT1g85u0t,0.0,2.0,0.0,0.0
2Hh3ETdQKrmSI3QS0hme7g,0.0,2.0,0.0,0.0
2IFaUS63AIAr9P46W1lEwt,0.0,2.0,0.0,0.0
2IPxsVjAkqoFXrzwGwUVia,0.0,2.0,0.0,0.0
2Im64pIz6m0EJKdUe6eZ8r,0.0,2.0,0.0,0.0
2IxbsXkp2EvctWT7nGlfH6,0.0,0.0,0.0,1.0
2JB2QjehItA693PbdxvJgC,0.0,0.0,0.0,1.0
2JKtCvtxP47fOMYi0BjMoY,0.0,2.0,0.0,0.0
2JfyjfqbQrTXMzH8n0fOht,0.0,2.0,0.0,0.0
2JqkpMe2eJToJNHEqkJeCu,0.0,2.0,0.0,0.0
2K7xn816oNHJZ0aVqdQsha,0.0,2.0,0.0,0.0
2K9Ovn1o2bTGqbsABGC6m3,0.0,2.0,0.0,0.0
2KFqsbztZK3J03hOcObLbG,0.0,2.0,0.0,0.0
2L5IV1QFrY4S3A6oyO8vOq,0.0,3.0,1.0,0.0
2LBqCSwhJGcFQeTHMVGwy3,0.0,3.0,0.0,0.0
2LD2gT7gwAurzdQDQtILds,0.0,2.0,0.0,0.0
2LHn9l8cctqUIbJ5f0C3l8,0.0,0.0,0.0,1.0
2LTlO3NuNVN70lp2ZbVswF,0.0,2.0,0.0,0.0
2N3AklTNZebvt0Des7jyKC,0.0,2.0,0.0,0.0
2N3U8uTYhjX2KwGT0pf5x0,0.0,2.0,0.0,0.0
2NEpyMEK5uQouIlKpi8fVI,0.0,0.0,0.0,1.0
2NLOyWzztMiW5FmNhD83K6,0.0,2.0,0.0,0.0
2NYNRSoqO1OVq06ObSgaj5,0.0,3.0,0.0,0.0
2NZ87trfvU01p9Uv5m5QiY,0.0,1.0,0.0,0.0
2O99aywAVBhaPrsiJ6zbSS,1.0,3.0,0.0,0.0
2OZVskV28xxJjjhQqKTLSg,0.0,1.0,0.0,0.0
2Oidi4pAbR9X81PBaV71N8,0.0,2.0,0.0,0.0
2PFNTHR4sA8m9rPPtYXhl7,0.0,1.0,0.0,0.0
2PKjNOSJ8AHx4tJzf0znMg,0.0,0.0,0.0,1.0
2QMzmWI6STmm2P9eyVuSNA,0.0,3.0,0.0,0.0
2QaHsK56P61uVK1w084SLu,0.0,1.0,0.0,0.0
2QjOHCTQ1Jl3zawyYOpxh6,0.0,1.0,0.0,0.0
2Qr5PWUt8XycAAv338LicY,0.0,2.0,0.0,0.0
2R4AlwtrrkMaRKojcTIzmL,0.0,2.0,0.0,0.0
2RBIqyLmsLG1Q0GyCQfA86,0.0,3.0,1.0,0.0
2RDsOcs3PBnvEMFkDIlwfD,0.0,3.0,0.0,0.0
2RsAajgo0g7bMCHxwH3Sk0,0.0,1.0,0.0,0.0
2S9tY6X04CTb9ZAA2PCpC2,0.0,3.0,0.0,0.0
2SGyf0hCuB81F85cHXuRjl,0.0,2.0,0.0,0.0
2SObiSlRVadbqwNbByuEF3,0.0,1.0,0.0,0.0
2SYMnBpx7zyhSDPQwoOlFO,1.0,3.0,0.0,0.0
2SjnvpedDUU0Ga69bxnoCa,0.0,2.0,0.0,0.0
2T9dAD5HqhQAM3oD0BaUtH,0.0,0.0,0.0,1.0
2TAKt1x0k9AltDJm31GhEu,0.0,2.0,0.0,0.0
2TIJiqr72Qe9tGd26fStIN,0.0,1.0,0.0,0.0
2TeYAizye4GlmzQq5zyf91,0.0,1.0,0.0,0.0
2ThdB23G9Rgf1ExndFGEEg,1.0,3.0,0.0,0.0
2UKARCqDrhkYDoVR4FN5Wi,1.0,3.0,0.0,0.0
2URDbWGmPz3vhagl25p8OC,0.0,2.0,0.0,0.0
2UYHP0RQqPFvue0Ygs5Amm,0.0,2.0,0.0,0.0
2Uts1QFB4u2YNIMiqcb4de,0.0,2.0,0.0,0.0
2VEZx7NWsZ1D0eJ4uv5Fym,0.0,2.0,1.0,0.0
2VrJMuLt2m9HbifGrKWHqk,1.0,3.0,0.0,0.0
2Vtq22cAI0Q6VuzYYsvLHV,0.0,1.0,0.0,0.0
2X485T9Z5Ly0xyaghN73ed,2.0,3.0,0.0,0.0
2X6b7zLdIxCejd6GqVcQ9M,0.0,2.0,0.0,0.0
2XAdi6SDarl3aIjCJLAgqV,0.0,0.0,0.0,1.0
2XK2iL9gSAlYIAbklTHxbk,0.0,2.0,0.0,0.0
2XUx8PCXGpP1XhZJMGiUol,0.0,2.0,0.0,0.0
2XcmjSdYqdhFjyWFdbnBaY,0.0,2.0,0.0,0.0
2Y0iGXY6m6immVb2ktbseM,0.0,2.0,0.0,0.0
2Y7mkqkKFGhrybtT8sRggL,0.0,3.0,0.0,0.0
2YeW0MbylAiJKmpRffOSka,0.0,2.0,0.0,0.0
2YuySJd7C2aoBarBP8OvzR,0.0,2.0,0.0,0.0
2Yv2mHzr5AQavVdwQjEokV,0.0,2.0,1.0,0.0
2ZWlPOoWh0626oTaHrnl2a,0.0,2.0,0.0,0.0
2ZZMbEXXq9hPReD2alSNxD,0.0,2.0,0.0,0.0
2Zw3HNjaNV42LnQ2uY5JQs,0.0,1.0,0.0,0.0
2a2MbiJN2skOxohykOVcss,0.0,3.0,1.0,1.0
2aJPpSo8sSvyiP3bd7ZWqq,0.0,0.0,0.0,1.0
2aPTvyE09vUCRwVvj0I8WK,0.0,3.0,0.0,0.0
2aaCNg42RA74s0EmHTBqS7,0.0,2.0,0.0,0.0
2auDby4pkRmpD6EmHKWlhG,0.0,2.0,0.0,0.0
2axiRrUWmlFUKmPzDsjjzg,0.0,2.0,0.0,0.0
2bJHTyPNCbu4qZi3K5lfn2,0.0,0.0,0.0,1.0
2bRcbT3CqpCYyZIiUPhW9t,0.0,2.0,0.0,0.0
2bfGNzdiRa1jXZRdfssSzR,0.0,2.0,0.0,0.0
2c4Est3dxGfn834VReid5d,0.0,3.0,0.0,0.0
2cDpmdTWch4yBrTyl5Qmca,0.0,1.0,0.0,0.0
2cGxRwrMyEAp8dEbuZaVv6,1.0,1.0,1.0,0.0
2dHHgzDwk4BJdRwy9uXhTO,0.0,2.0,0.0,0.0
2dgrYdgguVZKeCsrVb9XEs,0.0,2.0,0.0,0.0
2drEUEg0TYQR6dDEHkpuPE,0.0,2.0,0.0,0.0
2dxjKgT0li4qBI3QwuN9Ih,0.0,1.0,0.0,0.0
2e3Ea0o24lReQFR4FA7yXH,0.0,2.0,1.0,1.0
2eC43PWHMbUnwqCRZcbGfo,0.0,2.0,0.0,0.0
2ea6bt302Bq8Hiulp8Bn2C,0.0,2.0,0.0,0.0
2fAxMyvNvu6wqVpoqsFiw9,0.0,2.0,0.0,0.0
2fIv98BZ6NdkeYLZAvNzP7,0.0,3.0,0.0,0.0
2g6tReTlM2Akp41g0HaeXN,0.0,2.0,0.0,0.0
2g7yMxNwk0MhIpftWnRMcL,0.0,0.0,0.0,1.0
2gAGWaK4wvt2xrFUlR4mK8,0.0,2.0,0.0,0.0
2gNfxysfBRfl9Lvi9T3v6R,1.0,3.0,0.0,0.0
2gVHZ9GmBjUX76jaI2syD7,0.0,1.0,0.0,0.0
2grojI6uFyxUIaRP4LzAMJ,0.0,0.0,0.0,1.0
2hIrHUgeI2cKYwM18MkGPK,0.0,2.0,0.0,0.0
2hJhdPirtizx4E5hz7bvE0,0.0,0.0,0.0,1.0
2hNXCKEdiChpvjUNSmX1at,0.0,1.0,0.0,0.0
2iRp7v4lyGXINw0dT7Put0,0.0,1.0,0.0,0.0
2iZ9yiTcL1iywzSUZxlJrZ,0.0,2.0,0.0,0.0
2iu60eTIm2py6MaoVMcBAR,0.0,2.0,0.0,0.0
2jloOCzp3ytbjqURJLyEmd,0.0,3.0,1.0,0.0
2k6hpKTyubRVOmQR11ViY3,0.0,3.0,0.0,0.0
2kR9PtDrsXDY0Rz3jscZG9,0.0,0.0,0.0,1.0
2lLG56qpLP3UbcLuzMvkWX,0.0,2.0,0.0,0.0
2lS9rFLUICaha7SzIAEZnk,0.0,3.0,0.0,0.0
2lffRiAET2Xt6BNb4EmkS2,1.0,3.0,1.0,0.0
2mDYYGaGd9uXKkK2YhDA3i,3.0,3.0,1.0,0.0
2mKBHExZLyVv5POntkRXLW,0.0,0.0,0.0,1.0
2mPLhxMHwhzscH7VaziOof,0.0,1.0,0.0,0.0
2mlNgAeIBnL78ZriXgrRHz,0.0,3.0,0.0,0.0
2mmUoyPxzbxehpfm1TpTRK,0.0,2.0,1.0,0.0
2mvffzYUJ9Ld9xhsF5DUjU,0.0,1.0,0.0,0.0
2nZ33CKRbgpJQJJQKHuGXb,0.0,1.0,0.0,0.0
2ncRH1zCER8iHXYhlHXyam,0.0,3.0,1.0,2.0
2nnGVghSSRijAZUTwKpd04,0.0,2.0,0.0,0.0
2ohegz9maxzroKBu9YhcCM,0.0,2.0,0.0,0.0
2ov40EF0gnt0t72ilfoXqV,0.0,3.0,1.0,1.0
2p8IUWQDrpjuFltbdgLOag,0.0,2.0,0.0,0.0
2pMPWE7PJH1PizfgGRMnR9,0.0,2.0,0.0,0.0
2pPNAgcdgtRMwK9mPYMK7O,0.0,2.0,0.0,0.0
2pRyjmTGkz5i8xemOtJ7pG,0.0,1.0,0.0,0.0
2prqm9sPLj10B4Wg0wE5x9,0.0,3.0,1.0,0.0
2puHJmjL4jvO19aEA7kzcb,0.0,2.0,1.0,0.0
2qtoRFCOEL1gRn5q9DJC7F,0.0,2.0,0.0,0.0
2qwMuXIRXJSrwrAiHeBVPJ,0.0,2.0,0.0,0.0
2r8RwegunaKMYW4pDFEMKM,0.0,1.0,0.0,0.0
2t0wwvR15fc3K1ey8OiOaN,5.0,3.0,1.0,0.0
2t8yVaLvJ0RenpXUIAC52d,0.0,2.0,0.0,0.0
2tTifBkEXqJ039o3jKcej7,0.0,1.0,0.0,0.0
2vV4dlWNxFAh62xvWPzzZH,0.0,1.0,0.0,0.0
2vXKRlJBXyOcvZYTdNeckS,0.0,2.0,0.0,0.0
2vgUijXOTRMnWXDtvgMp2b,0.0,2.0,0.0,0.0
2w0UbvgPMhAXxz5qakD9Ms,0.0,1.0,0.0,0.0
2wv5aFlyBk0lAEk9bgmoZ2,0.0,3.0,0.0,0.0
2xLMifQCjDGFmkHkpNLD9h,0.0,3.0,0.0,0.0
2xql0pid3EUwW38AsywxhV,1.0,3.0,1.0,0.0
2xsTsnA5QOFCnFXdEHGkli,0.0,2.0,0.0,0.0
2yHls7BD2jZny6qKs1Dm8r,0.0,1.0,0.0,0.0
2yamYxDuuaeui81lAEzl1i,0.0,0.0,0.0,1.0
2ymiDyAKhLlfX3ttcPS8kn,0.0,0.0,0.0,1.0
307FpyXlwHxNJ4k6s9j3yD,0.0,2.0,0.0,0.0
30rUH583B1TFoisTeBfuA2,0.0,2.0,0.0,0.0
31u6rUeIEXGrYVoh10U7eu,0.0,3.0,1.0,0.0
32J2bR5gnepj9uHPGVGStr,0.0,2.0,0.0,0.0
33JMMgxQKL3zJsZeMNC3gR,0.0,2.0,0.0,0.0
33gozo0FRyicmPaTZ3jffo,0.0,3.0,0.0,0.0
33gvpWnZV3SGHNRB3UpAlW,0.0,3.0,0.0,0.0
33i3xxHB4YSYGYbtJrwwO8,0.0,2.0,1.0,0.0
346SJSEbB6pNZMpwovxDiu,0.0,2.0,0.0,0.0
34HgIvucTKJvDgzHVMaGLG,0.0,2.0,0.0,0.0
356A6LLhntlbIxP8h0Lf3Q,0.0,1.0,0.0,0.0
35SbrfbaSpGUBX7e5BPega,0.0,2.0,0.0,0.0
35YyxFpE0ZTOoqFx5bADW8,0.0,3.0,0.0,0.0
35xSkNIXi504fcEwz9USRB,0.0,2.0,0.0,0.0
36MGfjOTOwx1udRX5dDnoJ,0.0,3.0,0.0,0.0
36Mingw25yMZTkA6hPWr8Q,0.0,3.0,0.0,0.0
36Uc6BhILjfe4VTgweoHZj,0.0,2.0,0.0,0.0
36acAPpnxmi4GoeJe1uKdv,0.0,1.0,0.0,0.0
3702DIi33YGGzI8mmb9z8Q,0.0,3.0,0.0,0.0
37CaSYZIi8GMTtkvfP2nut,0.0,1.0,0.0,0.0
37IfG4v9iC8FNR0XPYXJfn,0.0,2.0,0.0,0.0
37PWu4Av27EVfKwx2UVJA1,0.0,2.0,0.0,0.0
37VEaFy0C5eOPdTIjiRwwh,0.0,1.0,1.0,1.0
37ZgsOy8t4vMnGtMExr6ah,1.0,3.0,1.0,0.0
38HkYfvnhHLLB5Yaj2VpZg,0.0,2.0,0.0,0.0
38NvUrEdZkUFI41qvo4cja,0.0,2.0,1.0,0.0
38T0ch67w89QHB9R0iEyGu,0.0,2.0,0.0,0.0
38iBHQloAVZNpKsFVU8aAd,0.0,2.0,0.0,0.0
393OFJFZKIIv66JmJcNm9D,0.0,2.0,0.0,0.0
39NDBdU5Xkm5pCFGa5kZtI,0.0,2.0,0.0,0.0
39sDitIeCMrVX2QyXHY46t,0.0,2.0,0.0,0.0
3AA8xNhDC0MpqwkGX3EP5V,0.0,2.0,0.0,0.0
3AMs5vBhy3nCm1lzWiWazx,0.0,1.0,1.0,0.0
3AWDeHLc88XogCaCnZQLVI,0.0,3.0,1.0,0.0
3AzLBNxJuAZCd1IUl2APJ6,0.0,3.0,0.0,0.0
3B4cjvGlPvyBLNG3AzEgkZ,0.0,3.0,1.0,0.0
3BBL1ARer19QsocJISgJvP,0.0,3.0,1.0,0.0
3BUc2A0MJ53FHwiy3eohBt,0.0,2.0,0.0,0.0
3BhgD8Kun1fXSW1KYTfnEO,0.0,2.0,0.0,0.0
3BwzweF8QqNzTr1oCXusIj,0.0,0.0,0.0,1.0
3C5JCxX8l665LhunXU0GZe,0.0,2.0,0.0,0.0
3CMasKZA0OfdeD4ncFDQup,0.0,2.0,0.0,0.0
3DK90400cDlV5WUJPraMph,0.0,2.0,0.0,0.0
3DUe5irMKEjbsIoHxHnIYe,0.0,2.0,0.0,0.0
3DX4Y0egvc0slLcLl31h2p,0.0,2.0,0.0,0.0
3EEzQDCP8jRl2pEt9eDKMO,0.0,2.0,1.0,0.0
3EKh7JNsBrGoh2xqPotBKT,1.0,3.0,0.0,0.0
3Eh6giuzG1YSo5pk2CTaKT,0.0,2.0,0.0,0.0
3F6wQcJDjR4aH6Pz66LJ5X,0.0,1.0,0.0,0.0
3FJ9jHGfDQ9wSdv5KTh5P2,0.0,3.0,0.0,2.0
3FsqOTQT3d7c296eStnEnl,0.0,1.0,0.0,0.0
3FtYbEfBqAlGO46NUDQSAt,0.0,1.0,0.0,0.0
3GCdLUSnKSMJhs4Tj6CV3s,0.0,3.0,0.0,0.0
3GYlZ7tbxLOxe6ewMNVTkw,0.0,2.0,1.0,0.0
3Hb28pse82bhnmW9sjTahL,0.0,3.0,0.0,0.0
3HlK8txWAdtKMrbsqX40pl,0.0,2.0,0.0,0.0
3HxpSe02QPSIQLDqT6Foj9,0.0,1.0,0.0,0.0
3I7OmVsk4Hm5LBbs2GmhlD,1.0,3.0,0.0,0.0
3InkZyAAreHXUf8Syy58s7,0.0,1.0,0.0,0.0
3IznIgmXtrUaoPWpQTy5jB,0.0,3.0,0.0,0.0
3J44gxX4AcRApFyympWPIB,0.0,3.0,1.0,0.0
3K1ke03lL85vZBZiUb6Eqy,0.0,3.0,0.0,0.0
3KCNiDi9Pza6ZD8FggNoaw,0.0,2.0,0.0,0.0
3KyKxJ4P3pVCgaZwaq2rUC,0.0,2.0,0.0,0.0
3L0IKstjUgDFVQAbQIRZRv,0.0,2.0,0.0,0.0
3LQOTFV68ZSrCjMg5UaGjI,0.0,3.0,0.0,0.0
3LbZIhU0smEU5SUnxod4j4,3.0,3.0,0.0,0.0
3MKUlY8nM0I4O7xaYcLdST,0.0,1.0,0.0,0.0
3MWkCI46Tzf7a5xrEPJMRg,0.0,3.0,0.0,0.0
3McBKxKZLXbE4czUezk5QG,1.0,3.0,1.0,0.0
3MsGr0sMaSQrmiW0UfSUD9,0.0,1.0,0.0,0.0
3MyUnoqEPeCANpFyLYXBhN,0.0,1.0,0.0,0.0
3NeiYiBn3rQBgurfVk92Zm,0.0,2.0,0.0,0.0
3O2BsbHOMRtMgDdCoBp1pj,0.0,2.0,0.0,0.0
3ODXRUPL44f04cCacwiCLC,0.0,2.0,0.0,0.0
3OoJRP74QttUB17tTe5gwm,0.0,1.0,0.0,0.0
3PLZ7infVId5ihC5cpI2ms,0.0,2.0,0.0,0.0
3Pi6Jps9iKlgrd65GV3673,0.0,0.0,0.0,1.0
3QFwqMCEkE5ZItQhMksIbB,0.0,2.0,0.0,0.0
3QQp1Y4zWok1YvzB4zutGy,0.0,2.0,0.0,0.0
3QRQwnaENDNslrc5tNUGgE,0.0,2.0,0.0,0.0
3Qa944OTMZkg8DHjET8JQv,0.0,2.0,0.0,0.0
3R8CyhJfVjvgIROd5RSGhQ,0.0,2.0,0.0,0.0
3RknjKzaZkjBqIGEN1Q871,0.0,1.0,0.0,0.0
3RmFPuTTAjSQ2pbEd2j9oA,0.0,1.0,0.0,0.0
3RmeZqSB9X08Doqy8StVxG,0.0,2.0,0.0,0.0
3SJ4K082GFc70st9YeWwSD,0.0,1.0,0.0,0.0
3ST33QbyCHtNq6sGVEjgZO,0.0,2.0,0.0,0.0
3SeDS5sSoWnwAZvVgkdKzf,0.0,3.0,0.0,1.0
3SoarlzPEiF7NgSeGsh44S,0.0,3.0,0.0,0.0
3UFePyU0mSJvGONoLWKTeW,0.0,2.0,0.0,0.0
3UVfzKj3NMAxUfj3hxutmk,0.0,2.0,0.0,0.0
3V3qdrs4rwJXj7Y4WU9DcU,0.0,0.0,0.0,1.0
3VDHcRr5KjbTOr36syVgAP,0.0,2.0,0.0,0.0
3VW6HJYa5l0uzGcCRA222P,0.0,2.0,0.0,0.0
3W3JKjkGcoTIfbDlGRSNhL,0.0,1.0,0.0,0.0
3W4xqKFMKBauuU517t8NIb,0.0,2.0,0.0,0.0
3WGZOg3MUBgq7Oc4zvA4nf,0.0,0.0,0.0,1.0
3WVPAE0a6sUM7p0xEHBx96,0.0,3.0,0.0,0.0
3WfSNAoj2D8C9noPSGZZFM,0.0,3.0,0.0,0.0
3WlbeuhfRSqU7ylK2Ui5U7,0.0,2.0,0.0,0.0
3WtuCGU59OvSGLnFd96HM3,0.0,2.0,0.0,0.0
3XF5xLJHOQQRbWya6hBp7d,0.0,2.0,0.0,0.0
3XyvgKHmrWHV9wxQwbwGSJ,0.0,3.0,1.0,1.0
3Y1ZpXS4HETFHDdBNfNU0I,0.0,3.0,0.0,0.0
3Y4rUyw7XBCK6hGHCOt6rp,0.0,3.0,1.0,1.0
3YB9cvd668HXBEq8rbBW8P,1.0,3.0,1.0,1.0
3YbF8cujCpzDlNqmPRsD9a,0.0,2.0,0.0,0.0
3YklYihQWWUR2UoeupRp6H,0.0,3.0,1.0,0.0
3Yub3anoLj8w58TVpEXUJv,0.0,3.0,1.0,2.0
3ZuT0Evo8chdVM6rPXXqgd,0.0,3.0,1.0,2.0
3a6PN6BRB8PP3ms48s7kU1,0.0,1.0,0.0,0.0
3aBGKDiAAvH2H7HLOyQ4US,0.0,1.0,0.0,0.0
3aQ9MHkMeL7Yu7jpyF62xn,0.0,2.0,0.0,0.0
3adprsGoZuParw5pyhhLCc,0.0,2.0,0.0,0.0
3azJifCSqg9fRij2yKIbWz,0.0,2.0,0.0,0.0
3bbjDFVu9BtFtGD2fZpVfz,0.0,2.0,0.0,0.0
3cLCA9LSb6UiOeNvTZoaav,0.0,2.0,0.0,0.0
3cWmqvMwVQKDigWLSZ3w9h,0.0,2.0,0.0,0.0
3cjrW5djlmSS5DYAiHuc6I,0.0,0.0,0.0,1.0
3cuTtiU56ZGXCbEZYd4pmp,0.0,2.0,0.0,0.0
3d5NbAerF2MMHw9tdIxiFH,0.0,3.0,0.0,0.0
3dHyoDGPLY6NAxg3QjSObI,0.0,2.0,0.0,0.0
3dRRam4ZHVYRefzJA79cns,0.0,1.0,1.0,0.0
3dVsUkabHea7AVFjm92gZ4,0.0,2.0,0.0,0.0
3dWaDHwsvudH9vywNjVUVf,0.0,2.0,0.0,0.0
3dhjNA0jGA8vHBQ1VdD6vV,0.0,1.0,0.0,0.0
3drdWsJKiVCSQ2gKhd9BDT,0.0,2.0,0.0,0.0
3eDSY9QQ7h8YtJKwPJjE1H,0.0,0.0,0.0,1.0
3fA5BULHxcCiia0UuiEBzA,0.0,3.0,0.0,0.0
3fWibgdtgIie6LKTZ2rUoI,1.0,3.0,1.0,0.0
3fx1gLZFioSP6BaXUVnJNH,0.0,3.0,0.0,0.0
3g6R7T3w5RoRElsdzxGIKr,0.0,3.0,0.0,0.0
3hZbi8AG14hRw5Skg7V8pl,0.0,2.0,0.0,0.0
3hxIUxnT27p5WcmjGUXNwx,0.0,2.0,0.0,0.0
3iVcZ5G6tvkXZkZKlMpIUs,0.0,3.0,1.0,0.0
3iohh4bLsUKefmjHw5jhbq,0.0,3.0,0.0,0.0
3iqRfEJtelj2MXJe4TuTEB,0.0,1.0,0.0,0.0
3iyEtTlvlb0fiYGzIvD7S7,0.0,2.0,0.0,0.0
3kI3vRDwTbYs9O8svalUWu,0.0,2.0,1.0,0.0
3kKb3U3a8jmUJQB9ypE1Jl,0.0,3.0,0.0,0.0
3kw29NreyBGyArNmYARr63,0.0,3.0,0.0,0.0
3lHv021PrXvhcEm7m7T0dA,0.0,3.0,0.0,0.0
3lIxtCaROdRDuTnNBDm3n2,0.0,3.0,1.0,0.0
3lMpoNz4jcg5fqCR08DvuL,0.0,2.0,0.0,0.0
3lp60LumpfdSDvfRlc9KoQ,0.0,2.0,0.0,0.0
3lzUeaCbcCDB5IXYfqWRlF,0.0,2.0,0.0,0.0
3mLDq0hbHkafZoy4GvF7EG,0.0,2.0,0.0,0.0
3mYCd23hPxJW5okSvMoy3x,0.0,2.0,0.0,0.0
3ng0EIqWfBRVVdO5ect6Ny,0.0,1.0,0.0,0.0
3niLgyM9yJTaZMpeXjjSSk,0.0,3.0,1.0,1.0
3nwcQXP0mBmXmlrirQxCkz,0.0,2.0,0.0,0.0
3oZKOJiMENWToZ6lid73Ki,0.0,3.0,0.0,0.0
3omnAT9Aee3I2szep6R894,0.0,3.0,0.0,0.0
3orEOtd8CPL8GFlpRpKuoE,0.0,3.0,1.0,1.0
3q2v8QaTnHLveAQzR6gvYm,0.0,1.0,0.0,0.0
3qQT3lP1dLQm8omcxOUutl,0.0,0.0,0.0,1.0
3qhlB30KknSejmIvZZLjOD,0.0,2.0,0.0,0.0
3qpNyeV4wr3YeCVfrosVyN,0.0,1.0,0.0,0.0
3qsctOMzL1FE9mBpt4FZHo,0.0,3.0,0.0,1.0
3rRAR3YHRFShjEaHP0o9Xi,0.0,2.0,0.0,0.0
3raBR3SY78nNv4uGEv3CNY,0.0,2.0,0.0,0.0
3riD0wYuZDGJY1zgUsKuMH,0.0,0.0,0.0,1.0
3rssNOLucK9fzsRcKonhYu,0.0,2.0,0.0,0.0
3rwOGx49GbWafi1m0ZhKZx,0.0,3.0,1.0,2.0
3sJLoIc9y1b4gKAP8ZNsR9,0.0,2.0,0.0,0.0
3sNVsP50132BTNlImLx70i,0.0,2.0,1.0,0.0
3sXsbaZlsTv2iJiEntsgM5,0.0,2.0,0.0,0.0
3siwsiaEoU4Kuuc9WKMUy5,0.0,2.0,0.0,0.0
3skn2lauGk7Dx6bVIt5DVj,0.0,3.0,0.0,0.0
3stWWPN41byqp8loPdy92u,0.0,2.0,0.0,0.0
3tZZvB5AlpLyZ378K4iC44,0.0,2.0,0.0,0.0
3td69vL9Py7Ai9wfXYnvji,0.0,3.0,0.0,0.0
3u9PAti8muEXXvEjeFpQK0,0.0,3.0,1.0,0.0
3u9RHP8IpKPZh7bKHw83Ci,0.0,2.0,0.0,0.0
3vQ4T78TTMOjQXGfXVKQJo,0.0,2.0,0.0,0.0
3vxJKbjjD3EfheZpg7dlos,0.0,0.0,0.0,1.0
3vxvz0JoRDvnx2jG9oPljA,0.0,2.0,0.0,0.0
3wJpoTNAR3pURNjZV6j6VQ,1.0,3.0,1.0,1.0
3x7Y0Rn7EjPfB2zbddbDVg,0.0,3.0,0.0,0.0
3x9BHDNsyg50xSEzmLMyUd,0.0,2.0,1.0,0.0
3xKsf9qdS1CyvXSMEid6g8,0.0,2.0,0.0,0.0
3xXJHuTxbSF69tfqg061iT,0.0,3.0,1.0,0.0
3xby7fOyqmeON8jsnom0AT,0.0,1.0,0.0,0.0
3xnM0WCRJKk4Iz49rkG5OC,0.0,2.0,0.0,0.0
3yCYW1fEDW15r7shuv0Tio,0.0,0.0,0.0,1.0
3yVnG6J99Oss8SDloM3W0Q,0.0,1.0,0.0,0.0
3yapR7DctB2WtbmXkHHviC,0.0,1.0,0.0,0.0
3yk7PJnryiJ8mAPqsrujzf,0.0,2.0,0.0,0.0
3zV8BUkLyVvahUQpKKsM2I,0.0,2.0,0.0,0.0
3znlqkw0V8tdXDhsCQcjIo,0.0,2.0,0.0,0.0
40T5GIqQ1CegGm2PTEl8Bu,0.0,1.0,0.0,0.0
40U8d12pC5UHqmHwXjHjjl,0.0,2.0,0.0,0.0
40oYjPdjvFBCZH1Smsk46H,0.0,2.0,0.0,0.0
410ZZP746AQeiywhKvXWCo,0.0,2.0,0.0,0.0
410rGaFDJPwjsr9m9RPCkz,0.0,2.0,0.0,0.0
41DHDnlRXQiNJf3GbisIYk,0.0,2.0,0.0,0.0
41SwdQIX8Hy2u6fuEDgvWr,0.0,2.0,0.0,0.0
41cpvQ2GyGb2BRdIRSsTqK,0.0,2.0,0.0,0.0
41e8XO5tcG6Uesk2FhdsWm,0.0,2.0,0.0,0.0
41zXlQxzTi6cGAjpOXyLYH,0.0,1.0,0.0,0.0
42D9aaKTLw47faFhRCQfHF,0.0,3.0,1.0,0.0
42LaprsOSvln0yG4dvkl9h,0.0,3.0,0.0,0.0
42VsgItocQwOQC3XWZ8JNA,0.0,2.0,0.0,0.0
42qNWdLKCI41S4uzfamhFM,0.0,2.0,0.0,0.0
430qNtapCS3Ue1yoSql1oV,0.0,0.0,1.0,0.0
43CwQ5fNKJpCp8aWPiE3mJ,0.0,3.0,1.0,0.0
43QSpKUINsc36W9VVtB1I5,0.0,0.0,0.0,1.0
44ZKnfWEkp7wPs035j4Tua,0.0,2.0,0.0,0.0
453KD54J920nFb4irpwLdh,0.0,3.0,0.0,0.0
45J4avUb9Ni0bnETYaYFVJ,0.0,1.0,0.0,0.0
45W3kLMacPBmEqxerMWnRe,0.0,1.0,0.0,0.0
45iJnPjul5yDYefM6GEYZB,0.0,2.0,1.0,1.0
45oBuExKn34tep5nf585jQ,0.0,1.0,0.0,0.0
46i6oWlLNJVhUPaRnWX6v0,0.0,2.0,0.0,0.0
46qZ2dq0jsXHtwsLaI9tl1,0.0,1.0,0.0,0.0
46ylKhu4yhV5pdAwfae6Zz,0.0,1.0,0.0,0.0
47596JGo5zmiOBTmaclsPt,0.0,2.0,0.0,0.0
47IXLhp3c6mu7NqvpuhuLi,0.0,2.0,0.0,0.0
47WIx8mbTgcE6zHOS9rg7I,0.0,3.0,0.0,0.0
481dM3SmbI46AAyboDHFtd,0.0,0.0,0.0,1.0
48Er7HvtTNQO3Hut7kjlSZ,0.0,1.0,0.0,0.0
48HSUrDZQPVeWuVckLb902,0.0,3.0,0.0,0.0
48X4D1FYOShPz2VF3YdfCF,0.0,2.0,0.0,0.0
48vIfHaK7by6x0T6ucpODL,0.0,1.0,0.0,0.0
496eQC5FPo3dmfNRXPcmps,0.0,1.0,0.0,0.0
497roUnq5JAuySlE4mTTNW,0.0,1.0,0.0,0.0
4AZrzWxDY36r3kalt1OMZm,0.0,3.0,0.0,0.0
4BGZF4oLbTL0pWm7C18pbv,0.0,2.0,0.0,0.0
4C0n7tYcrZ5rzzGc6Eg2rz,0.0,2.0,0.0,0.0
4CYeId6mLAasOb6o0NCz4Y,0.0,2.0,0.0,0.0
4CeeEOM32jQcH3eN9Q2dGj,0.0,1.0,0.0,0.0
4CzhtKifG867Lu5DNQVBSA,0.0,2.0,0.0,0.0
4DMmk6n4zGtGsJR263ojGC,0.0,0.0,0.0,1.0
4DsGt3Wu6iEvauVTfuo1we,0.0,0.0,0.0,1.0
4Dvkj6JhhA12EX05fT7y2e,0.0,2.0,0.0,0.0
4EC81w5nKG5tZlkHyKT2vO,0.0,3.0,0.0,1.0
4EGNP7PCO6pucUBe20dSAG,0.0,1.0,0.0,0.0
4EWCNWgDS8707fNSZ1oaA5,0.0,2.0,1.0,0.0
4Ee6ZsyVepVsvObgYwzgH1,0.0,3.0,0.0,0.0
4FKuIlfFCIcvpg7M2HJhwx,0.0,2.0,0.0,0.0
4FUQtedaG22FWZ6lGyRApm,0.0,3.0,0.0,0.0
4FVWfJa3MtyBDdQ9gPFWl2,0.0,3.0,0.0,0.0
4G9hlKVIwuWE8qpW2UQpV3,0.0,1.0,0.0,0.0
4H065d2WS05Pig3f5u0ARg,0.0,3.0,0.0,0.0
4H8zLQgVOWDISkdFLllj25,0.0,2.0,0.0,0.0
4HKWrGhNxub4PTLg5CM5fW,0.0,2.0,0.0,0.0
4HW6muj4rouBYrTVU0yjwo,0.0,0.0,0.0,1.0
4HnBNOfnPYCgRzB1dcAi3x,0.0,2.0,0.0,0.0
4IO2X2YoXoUMv0M2rwomLC,0.0,2.0,0.0,0.0
4IsbtqsROVspyi7kzh3Vkx,0.0,2.0,0.0,0.0
4J2HQow52pFt9olOHnYTbk,0.0,2.0,0.0,0.0
4J7s7j5ulwElPG7HaGQDXR,0.0,2.0,0.0,0.0
4JnGfBEyZnqYBeDphNKCjd,0.0,3.0,0.0,0.0
4Jp4lJhFBhu30X0scudRrX,0.0,3.0,0.0,0.0
4K1Pg0FLno1ltzX3jeqT83,0.0,2.0,0.0,0.0
4KHnHCB3KVJeQRHt9PM8uz,0.0,3.0,0.0,0.0
4KW1lqgSr8TKrvBII0Brf8,0.0,2.0,0.0,0.0
4KYS9GK68yeuUJ8vJfPxrq,0.0,2.0,0.0,0.0
4KjnaUNYPwGnJjoeTFlt91,0.0,1.0,0.0,0.0
4Klyx5dYqZV9YefSecDwDv,0.0,2.0,0.0,0.0
4LD5p1sSp97yp86E2zDZwK,1.0,3.0,0.0,1.0
4LGFc5Vv5YlqTvWIa37CbG,0.0,2.0,0.0,0.0
4LP6bmyAxdMNrqUrMpaVQ8,0.0,2.0,0.0,0.0
4LWaWJrdcH1SNxqDDRCMS0,0.0,0.0,0.0,1.0
4LqkSEGv7SpGzruiSTkfL5,0.0,3.0,0.0,0.0
4MAU5QwI1Gu57gsnL7CUpt,0.0,1.0,0.0,0.0
4MAv7MqIlcaTBHGiUXIWiw,0.0,2.0,1.0,0.0
4MJpGGIDRwHuWoZCddIOgM,0.0,2.0,0.0,0.0
4N7159SXtxwObOFhimCLGW,0.0,2.0,0.0,0.0
4NUhcsz9E1LrBe8nXLZqzp,0.0,3.0,0.0,1.0
4OmfWzukSVD140NiAIEjem,0.0,2.0,0.0,0.0
4Ooq4tmYpe3nZP1BnCtsWM,0.0,3.0,1.0,0.0
4PEGwWH4tL6H7dGl4uVSPg,0.0,2.0,0.0,0.0
4PhsKqMdgMEUSstTDAmMpg,0.0,2.0,0.0,0.0
4PmLwDkAMzpwzcvNm3nOjB,0.0,2.0,0.0,0.0
4Pwjz3DfvfQWV0rO2V8jyh,0.0,1.0,0.0,0.0
4QhWbupniDd44EDtnh2bFJ,0.0,2.0,0.0,0.0
4R5GN0mBvb6jkRj3Zvyhkl,0.0,2.0,0.0,0.0
4R67rQNSbbsR4TdUVOIdez,0.0,2.0,0.0,0.0
4RpwQDPnn1GhWpZooUcCzd,0.0,2.0,0.0,0.0
4S4QJfBGGrC8jRIjJHf1Ka,0.0,2.0,0.0,0.0
4S7YHmlWwfwArgd8LfSPud,0.0,2.0,0.0,0.0
4S8ClIfm6X0ddX7YaDjx1o,0.0,2.0,0.0,0.0
4STVcrJTZi0ik2y7R4SAHj,0.0,3.0,0.0,0.0
4SgcE7RxpK3ydWrjoAQH1K,0.0,3.0,1.0,0.0
4SrRrB27n7fiRkQcPoKfpk,0.0,2.0,0.0,0.0
4TxKU7OkwhPQXETqmKIMcx,0.0,1.0,0.0,0.0
4UCT6CIK26ShpzvnpuJycs,0.0,0.0,0.0,1.0
4UO5LNCKcxgXoovMd7j5Ne,0.0,1.0,0.0,0.0
4Utkf3jlYFHSZdlzbbXUus,0.0,1.0,0.0,0.0
4V2rs3gVCiJ6P4MALe4V3w,0.0,2.0,0.0,0.0
4VHT1pr51GHOyUHQ1oj8L9,0.0,1.0,0.0,0.0
4VQH4VluDUOsOuDxccTeyN,0.0,2.0,0.0,0.0
4VnDmjYCZkyeqeb0NIKqdA,0.0,2.0,0.0,0.0
4WFcerMZkAIcIizZYXNNrb,0.0,2.0,1.0,0.0
4WFgvKVfEhb3IUAFGrutTR,0.0,2.0,0.0,0.0
4WuOWVnAqvEQxgSRrspBgt,0.0,2.0,0.0,0.0
4X1fVpNykfEhB3m54x3hHA,0.0,3.0,1.0,0.0
4XDpeWqPADoWRKcUY3dC84,0.0,2.0,0.0,0.0
4XfI7M5gLwEY84gYiH4RDD,0.0,2.0,0.0,0.0
4YMsS8OqXICdQXF5HNUxFq,0.0,2.0,0.0,0.0
4YZbVct8l9MnAVIROnLQdx,0.0,2.0,0.0,0.0
4YckdFqBSVBvTT2srrJGqp,0.0,3.0,0.0,0.0
4Z5KKoBGxpJo8YbDcGQXd5,0.0,3.0,0.0,0.0
4ZFx96qgd3um86QFdEslYv,0.0,2.0,0.0,0.0
4ZLzoOkj0MPWrTLvooIuaa,0.0,1.0,0.0,0.0
4ZWigrE71xxexoSq2xahMd,0.0,3.0,0.0,0.0
4ZgDTZjxNJxrpoaWYnaa3N,0.0,1.0,0.0,0.0
4Zu3P22LxNRhCi7FiLsQ53,0.0,1.0,0.0,0.0
4ZxlsIHhSxQkbwKTZ76xu0,1.0,3.0,1.0,0.0
4a9fW33mYR8LhXBOLUhbfF,1.0,3.0,0.0,0.0
4atMrAadB7dS8xn9vfk9PQ,0.0,2.0,0.0,0.0
4b7vk8SRcYgnxpk0JOIS7r,0.0,2.0,0.0,0.0
4bWZz15GR1EE8E8x23rDWV,0.0,2.0,0.0,0.0
4brX8MJs5hxErgq48f9REO,0.0,2.0,0.0,0.0
4cYllEeJVH7dWKwQxpbk42,0.0,2.0,0.0,0.0
4csm3bIilOko37LEVW1v8P,0.0,2.0,0.0,0.0
4d9XgQUSJCThHbH016Lb3X,0.0,1.0,1.0,0.0
4dReLsqSqYhrC83Qgg7Lyx,0.0,3.0,0.0,0.0
4dUOhTTMy4ITIbNQKPKYFP,1.0,3.0,0.0,0.0
4dm2VMjIs1JlGZp2TePJaE,0.0,2.0,0.0,0.0
4eE16RJFDKf2WxBTqqfylu,0.0,2.0,0.0,0.0
4eFV1LfWlYCVJnPTuSo3db,0.0,3.0,0.0,0.0
4eSGSqP2TZvvX0kadZZttM,0.0,0.0,1.0,0.0
4ercRiJZl8kBm8vfPaNjrl,0.0,1.0,0.0,0.0
4esUVfYnFcCCVHntx9FQCb,0.0,2.0,0.0,0.0
4evMMKc2HD6fV9slMfgkMx,0.0,2.0,0.0,0.0
4ewazQLXFTDC8XvCbhvtXs,0.0,0.0,1.0,0.0
4ewzV0MgYdn35SDpGLQnpe,0.0,2.0,0.0,0.0
4f8Mh5wuWHOsfXtzjrJB3t,0.0,2.0,0.0,0.0
4fC8mW8ZFQanmSHq30mgWz,0.0,2.0,0.0,0.0
4fjzDf54eBNOlW45mNe14U,0.0,3.0,1.0,1.0
4gXngnX03O7hNOuKgbyiG6,0.0,3.0,0.0,0.0
4gh0ZnHzaTMT1sDga7Ek0N,0.0,2.0,0.0,0.0
4gtIYSYu8u2ItBqrhCaChL,0.0,2.0,0.0,0.0
4h90qkbnW1Qq6pBhoPvwko,0.0,2.0,0.0,0.0
4hL9v7BQU75USWbb9jF0D6,0.0,2.0,0.0,0.0
4hjGZN8poACfjWCK3Og6vY,0.0,3.0,0.0,0.0
4iG2gAwKXsOcijVaVXzRPW,0.0,1.0,0.0,0.0
4ibSRuzbwcLpBbaDiQrk1j,0.0,2.0,0.0,0.0
4ijZ4sCKTLsQJKTJT4psI8,0.0,1.0,0.0,0.0
4ileLT7ldd2uX8bMemWqbm,0.0,2.0,0.0,0.0
4imZDfJ9jooxgCGdx9j3bf,0.0,2.0,0.0,0.0
4jyyma8YdFC4S4llusSFRu,0.0,2.0,0.0,0.0
4k6Uh1HXdhtusDW5y8Gbvy,0.0,2.0,0.0,0.0
4k7dYdLGhJuUjaeEQB5hcA,0.0,2.0,0.0,0.0
4kWouCUP1DQ03R167mnC8Y,0.0,2.0,0.0,0.0
4kjI1gwQZRKNDkw1nI475M,0.0,2.0,0.0,0.0
4l4j7KJYve8EpinpACZT3c,0.0,1.0,0.0,0.0
4lWX7YT1tzzHuuR3tl5bZS,0.0,1.0,0.0,0.0
4lzukCL4tiespb73ejGYnf,0.0,2.0,0.0,0.0
4m0dj1HxXzFlnIqPkomXQB,0.0,2.0,0.0,0.0
4m0os9lsrDEKTGDs2EVed9,0.0,3.0,0.0,0.0
4mgSHxfoBrNa3BuBAom4Ee,0.0,3.0,0.0,0.0
4nhcjelU9PidsBzUkazfZs,0.0,2.0,0.0,0.0
4oXg7xT4ksBxHTx8PcmSXw,0.0,2.0,0.0,0.0
4ol2UyMTiklHVujAWg02nE,0.0,2.0,0.0,0.0
4p35fkAfyJ2QuaqOw5xldu,0.0,3.0,0.0,1.0
4pLoPxNTIwOoKj6s8BIoHR,0.0,2.0,0.0,0.0
4pPJQ2p8jIsBuvxEIW2R99,0.0,2.0,0.0,0.0
4pWIwnnqx8k01fuF95UMIg,0.0,2.0,0.0,0.0
4pXyK9GW7fuT645U0DLYYF,0.0,2.0,1.0,0.0
4ph3TGED6e9ycyTq4LYBn4,0.0,1.0,1.0,0.0
4qI2rlRLqm38OiyZ8WRCEH,0.0,1.0,0.0,0.0
4qS2KPWvsQzLvRa9oCHw41,0.0,3.0,0.0,0.0
4r4fX4NZIqVIhGyDvERp0l,0.0,2.0,0.0,0.0
4rf7Mjit1TCiNaDgdn6peQ,0.0,2.0,0.0,0.0
4riDfclV7kPDT9D58FpmHd,0.0,2.0,0.0,0.0
4sl5oBBHlkqcreamWfcj3V,0.0,2.0,1.0,0.0
4t6vrJg7GcUELCAxHX1z5W,0.0,3.0,0.0,0.0
4tR1B9oWDnnFPvIrkqgaV2,0.0,1.0,0.0,0.0
4tqcoej1zPvwePZCzuAjJd,0.0,2.0,0.0,0.0
4u7hPfDnZX5vTO0u5hltt9,0.0,2.0,1.0,1.0
4uwfcuxaL8KGWcPkAR2HQx,0.0,2.0,0.0,0.0
4v2r3H6YEQIlxS4Z1njwoe,0.0,2.0,0.0,0.0
4vYazVB0YNgKBjG3EQmT02,0.0,2.0,0.0,0.0
4vgU9MGJwhgBEtlO8mMN49,0.0,2.0,0.0,0.0
4wajJ1o7jWIg62YqpkHC7S,0.0,2.0,0.0,0.0
4whkhyXTrTgHKZzkUvdwoq,0.0,3.0,0.0,0.0
4x3r948PzG7f2KQZ7jbrBs,0.0,2.0,0.0,0.0
4xR3MAscflQ262kMeiKshQ,0.0,2.0,0.0,0.0
4xkcGfpM9RwB4IiQ7yx2dB,0.0,2.0,0.0,0.0
4xqIYGwwZTEem9U8A42SPF,0.0,2.0,0.0,0.0
4y78bEIRTzNe2RbGAnX8zU,0.0,2.0,0.0,0.0
4yThWyNHFmGMmI5E5A3rxc,0.0,1.0,0.0,0.0
4ygJHbpMGwZknVFaRikdFr,0.0,3.0,0.0,0.0
4z9KVNX4hmk672SJfhtQNz,0.0,2.0,0.0,0.0
4zMxWSP2qZUy5CBCH5PdzZ,1.0,2.0,1.0,0.0
50tEFeDpqGBDarBcA8RTPz,0.0,2.0,0.0,0.0
514joG57v4yKTsfQmz7stz,0.0,2.0,0.0,0.0
51BEARXU7ZnPPAYLJ8zgE4,0.0,0.0,0.0,1.0
51EC3I1nQXpec4gDk0mQyP,0.0,2.0,0.0,0.0
51F6IBCglbWYbYaSXnT22O,0.0,2.0,0.0,0.0
51RN0kzWd7xeR4th5HsEtW,0.0,2.0,1.0,0.0
51w2uhHVvzmqCd3leyDIY2,0.0,2.0,0.0,0.0
527k23H0A4Q0UJN3vGs0Da,0.0,2.0,0.0,0.0
52NGJPcLUzQq5w7uv4e5gf,0.0,2.0,0.0,0.0
52ojopYMUzeNcudsoz7O9D,1.0,3.0,0.0,0.0
52ooD6LHuXFubM6d1CDD93,0.0,2.0,0.0,0.0
531H4nv9zhb8cQtI84XCa7,0.0,2.0,0.0,0.0
53bfLJ3zLe5GN0zFtiNU1g,0.0,1.0,0.0,0.0
53mChDyESfwn9Dz8poHRf6,0.0,3.0,0.0,0.0
54MXF9I8s3DuiQo3g0gZ5k,0.0,3.0,1.0,1.0
54Z2Nr6JA67vqyNAWVYlBD,0.0,3.0,1.0,0.0
554qQSs9lpRVq6TlaaiIKT,0.0,2.0,0.0,0.0
558ubozatFQlweufvHa3Ip,0.0,3.0,0.0,0.0
55DNyl5GuEqcy3SrVUJZ6z,0.0,2.0,0.0,0.0
55N8cxpE1QDoeaaNqUnoZ2,4.0,3.0,0.0,0.0
55dFgoXfkbxAlW6wllNBSX,0.0,0.0,0.0,1.0
55syUs2h389vqBFEVL2kMM,0.0,3.0,0.0,0.0
55wlsNYqcfiQsHuX8l0jmF,0.0,2.0,0.0,0.0
565G1vHZu2xoxrnTyF06Qw,0.0,2.0,0.0,0.0
56eSclzdXaWU5jOJ7DX7Vp,0.0,2.0,0.0,0.0
574NIL8bDh9nxRgVRIAsEc,0.0,3.0,0.0,0.0
579f7KQP5rpiiugsVuSuoQ,0.0,1.0,0.0,0.0
57ENogEkvFsU7Wmt3lvQMG,0.0,2.0,0.0,0.0
57GsLpRtEtrzcPGPop20rS,0.0,1.0,0.0,0.0
57IMQ4tIa8BraCzvwlc8jX,0.0,0.0,1.0,0.0
57Xjny5yNzAcsxnusKmAfA,5.0,3.0,1.0,0.0
57Z6TJCTMACXxdrcwZ3Zvf,0.0,2.0,0.0,0.0
57rkFdhoKjgkg16fsS4pgg,0.0,2.0,0.0,0.0
585XZbRc85WaAlBbvU5Nkc,0.0,2.0,0.0,0.0
588gFLoYJdlQ9zLSuR3IpJ,0.0,3.0,1.0,0.0
58TaFP5j5i9swOf584yon2,0.0,2.0,0.0,0.0
58ge6dfP91o9oXMzq3XkIS,0.0,1.0,0.0,0.0
58tlMmF2L9h3NKwn07sV7N,0.0,3.0,1.0,1.0
59IlbXyTwhAtRm1qbv7bAy,0.0,1.0,0.0,0.0
59vA0TcuS2xTyAQh7lsPi6,0.0,3.0,1.0,0.0
5ADsYkqsZvaPeoPqEHYr2X,0.0,1.0,0.0,0.0
5AEOqLsRJFAoSS4ay4Jzao,0.0,2.0,0.0,0.0
5AFTpFMQZYib7fjTlF9XUH,0.0,2.0,0.0,0.0
5AGDgVZNWqLGFafKg0LvDB,0.0,1.0,0.0,0.0
5BKKy9fIJL5uM9fz1SnqyP,0.0,2.0,0.0,0.0
5BRkZvrogjXJlvPEzb4POg,0.0,2.0,0.0,0.0
5C7TRctHokAGPz1JHAxgx7,0.0,2.0,0.0,0.0
5CMjjywI0eZMixPeqNd75R,0.0,1.0,0.0,0.0
5DBmXF7QO43Cuy9yqva116,0.0,2.0,1.0,0.0
5DlLIfrtpXMqgusdWmXLJa,0.0,3.0,0.0,0.0
5E30LdtzQTGqRvNd7l6kG5,0.0,2.0,0.0,0.0
5EKdy4yX3P1TUGaw9w8t60,0.0,3.0,0.0,0.0
5EUgmoH6xUEr7eJySasuwO,0.0,2.0,0.0,0.0
5EkE3pKip0yB8YTd9daXp5,0.0,0.0,0.0,1.0
5El7hefZel9jzdjnoBUrUJ,0.0,2.0,0.0,0.0
5ExWCOYjZbMEZCIdlfH2dO,0.0,3.0,0.0,0.0
5F93UywDc6VrLolT8zfUsb,0.0,3.0,0.0,0.0
5G4uLkFKdEZLcuNyeomQmE,0.0,2.0,0.0,0.0
5GJczqwEfciz5Ac8BIXD3U,0.0,3.0,0.0,0.0
5GKVcvTgnFYtfh25qKQtRg,10.0,3.0,1.0,2.0
5GUYJTQap5F3RDQiCOJhrS,0.0,2.0,0.0,0.0
5GXAXm5YOmYT0kL5jHvYBt,0.0,3.0,0.0,0.0
5GfNIGfDJoiXSEjIW53aVo,0.0,3.0,0.0,0.0
5Gt9bxniM1SxN61yRzRhXL,0.0,2.0,0.0,0.0
5GyqZMCl8N2VhXikvhkz75,0.0,1.0,1.0,0.0
5HNCy40Ni5BZJFw1TKzRsC,0.0,2.0,0.0,0.0
5HPnumlogzZtpLEaORZjz1,0.0,3.0,1.0,0.0
5HSwyoCNHHmP4xzUACjjHp,0.0,0.0,0.0,1.0
5ICwSVcHQYL0PWHjrU1noZ,0.0,3.0,0.0,0.0
5IQLVhihOk5mFZcte9sf9u,0.0,1.0,0.0,0.0
5J4ZkQpzMUFojo1CtAZYpn,0.0,2.0,0.0,0.0
5JN8ZgTqm3sCugWPV11cHP,0.0,1.0,0.0,0.0
5JWPUEov2wlX7c0jhYZpeB,2.0,0.0,1.0,1.0
5Jdk6W2lxe4asVmoyjKgqr,0.0,2.0,0.0,0.0
5JyJsAZyLTD7W5oWLeB0JK,0.0,2.0,0.0,0.0
5L9MJsGqzTRD09rSzHkCDy,0.0,1.0,0.0,0.0
5M4yti0QxgqJieUYaEXcpw,1.0,3.0,1.0,0.0
5MAlssSh7sVWOQcrGaI96S,0.0,2.0,0.0,0.0
5MPryR3oJGmWnSYM7X2GGE,0.0,3.0,0.0,0.0
5MZBOcqI3Vpvp2PZy6ddyD,0.0,3.0,0.0,0.0
5MiLVqxxA2fqFmTEzPeMkK,0.0,0.0,0.0,1.0
5NXQPIl8LBpeaVQJUj2DE0,0.0,1.0,0.0,0.0
5NijSs5dAwaIybq1GaRTIe,0.0,2.0,1.0,0.0
5OUtx1HW0cLbt1bCuSHlw8,0.0,2.0,0.0,0.0
5OcxthvGOxWYsuwKrWk5U4,0.0,1.0,0.0,0.0
5OmumaYiHYXUsYZPGLFTYJ,0.0,3.0,0.0,0.0
5PK1JCSdr34gWgzYHgt3Jq,0.0,3.0,0.0,0.0
5PQhyaQi0sevQDdprCxa3s,0.0,1.0,1.0,0.0
5PaCrBjL6W6Gq60kJzuw9y,0.0,3.0,0.0,1.0
5PsqHWeJVmTRxDNG38IRXb,0.0,1.0,0.0,0.0
5PvVkf1Yuq3XyMqqjPiKPd,0.0,2.0,0.0,0.0
5QO79kh1waicV47BqGRL3g,1.0,3.0,1.0,0.0
5QvditjxADt1HMKPgaMjJm,0.0,2.0,0.0,0.0
5RHhmGMV3FKxRa63AIfIgZ,0.0,2.0,0.0,0.0
5RWwCMjt9hZ5e9gJASIjuU,0.0,1.0,0.0,0.0
5RuvRcuffeZvJuPhpR8JuP,0.0,2.0,0.0,0.0
5SWnsxjhdcEDc7LJjq9UHk,0.0,2.0,0.0,0.0
5SkRLpaGtvYPhw02vZhQQ9,0.0,2.0,0.0,0.0
5TB6QgrF0RPIxSCGfRDLoe,0.0,2.0,0.0,0.0
5TRPicyLGbAF2LGBFbHGvO,0.0,3.0,1.0,0.0
5TxRUOsGeWeRl3xOML59Ai,0.0,2.0,1.0,0.0
5UjGXgmWeEez96pep1PsBx,0.0,0.0,0.0,1.0
5VIsN2yRmRKH1FIUlYjYT8,0.0,2.0,0.0,0.0
5WJggTl9cx4ANzXLjFnHdp,0.0,0.0,0.0,1.0
5WSbA7CYliGAJiZTRldTMK,0.0,2.0,0.0,0.0
5WdoLq8eamkOf2LyYzvLbN,0.0,1.0,1.0,0.0
5WrZTkRibPJ4ClNrw2TeBa,0.0,3.0,1.0,0.0
5XDNLG1uf1GuxVvLfGRhqO,0.0,2.0,0.0,0.0
5XeFesFbtLpXzIVDNQP22n,0.0,2.0,0.0,0.0
5Y35SjAfXjjG0sFQ3KOxmm,0.0,2.0,0.0,0.0
5Z1E4jrUzitOQRczI8gfSL,0.0,2.0,0.0,0.0
5Zf25eS8E1znm9mez4cGsm,0.0,2.0,0.0,0.0
5a4MgIUSf9K8wXLSm6xPEx,0.0,2.0,0.0,0.0
5aJOyuvqhcCRpaUCubwXk9,0.0,2.0,0.0,0.0
5bNrxsBY7GaovXZ8gfbLfn,0.0,1.0,0.0,0.0
5bOqM42XMp1Hogkj9qGpjv,0.0,1.0,0.0,0.0
5bhTUxSNkAZ4H3uFjSJRTY,1.0,1.0,1.0,1.0
5dSdDZlkvDUHitZxSRJrq7,0.0,3.0,0.0,0.0
5e0b9LgOfi3aJSKXFcOWRe,0.0,2.0,0.0,0.0
5e4cPfjt4pEeNvik5Ld3df,0.0,3.0,0.0,0.0
5ePg7cVMluGk2CAkA2PHKf,0.0,3.0,1.0,0.0
5ehXToeJ8Tgc4wMhY42Oul,0.0,2.0,0.0,0.0
5f0PjOivd4c0UZLICIFLWp,0.0,2.0,0.0,0.0
5fCqHoueAR1Q790mPKj1HR,0.0,2.0,0.0,0.0
5fFLPLggIp8ZCnt9YpQ0pv,0.0,2.0,0.0,0.0
5fpBG24gwvLTPVt4LSpPnQ,0.0,0.0,0.0,1.0
5gDWsRxpJ2lZAffh5p7K0w,0.0,2.0,0.0,0.0
5gOfC9UzZQzTyShqPMrpjT,0.0,2.0,0.0,0.0
5h5tBFnbcVioFXiOixTn6E,0.0,1.0,1.0,0.0
5h9hkYIBWTZYFRmF6Iz1gt,2.0,3.0,0.0,2.0
5hM5arv9KDbCHS0k9uqwjr,3.0,3.0,1.0,0.0
5iToEOddSC2jlPnLJHeYRq,0.0,1.0,0.0,0.0
5iwUwADk4uQUvgMF6PlTRl,0.0,2.0,0.0,0.0
5jyj2XKWILHQxDoz59ddCT,0.0,2.0,0.0,0.0
5kpSqV5a5BfwMrq299JOwg,0.0,2.0,0.0,0.0
5lCqi1duvzahzMzW7RfLDI,0.0,1.0,0.0,0.0
5lTSeN1WSAv6YVBgrIUBav,0.0,3.0,0.0,1.0
5lhIY0YgH7JhszpQNUC1dm,0.0,2.0,0.0,0.0
5lmaZcnW0eOppD4hlviQHg,0.0,1.0,0.0,0.0
5mCPDVBb16L4XQwDdbRUpz,0.0,2.0,0.0,0.0
5mK8JdCIDIXCFEjmHn3AtJ,0.0,3.0,0.0,0.0
5mf64OCpaDxrTLSMdQmzWH,0.0,3.0,1.0,0.0
5ncofiedz9Ej6YkvvXMKVn,1.0,3.0,0.0,0.0
5o126gjHW5VqsPQb7Rf2IM,0.0,3.0,0.0,0.0
5ouETFDqJv0SQMzwKlQLlP,0.0,1.0,0.0,0.0
5ozqshq2dtU7SYCpCBu0NE,3.0,3.0,0.0,0.0
5p3SJ3CYqrmFbboAtfNo5n,0.0,1.0,0.0,0.0
5p6sL2AvRKKCGcdxd1gTUs,0.0,3.0,0.0,0.0
5p7P3ggIRrh5ErUqnoaDLO,0.0,0.0,0.0,1.0
5pfn68duSmBKo4FhYknOms,0.0,2.0,0.0,0.0
5pjf75G1zn9EEFa8iaCV5h,0.0,2.0,1.0,0.0
5pqHtOnyeIhyWIwgXn2Ycq,0.0,2.0,0.0,0.0
5pqbHlHaVbkHJQlsAxhcZM,0.0,2.0,0.0,0.0
5pvE5kSCPnrUSzDIFXPuLV,1.0,3.0,0.0,0.0
5qCddh0NpefrEu4pY4CjC9,1.0,3.0,0.0,0.0
5qa7qeIhhgDQpspgxZs9V5,0.0,3.0,0.0,0.0
5r8c96Zn0ZNHRecVKpFf23,0.0,2.0,0.0,0.0
5rhzMmHGES7JIdjiaasATJ,0.0,3.0,0.0,0.0
5ruzrDWcT0vuJIOMW7gMnW,5.0,3.0,1.0,0.0
5sHeIGDbdzw8DeO57XZKIy,0.0,2.0,0.0,0.0
5uYqmEN6TAAE8ss8YmprNV,0.0,2.0,0.0,0.0
5vPUv0xziXbV4lnWeVNXNq,0.0,2.0,0.0,0.0
5vTSnZTmS1gMiWuA9kDE19,0.0,2.0,0.0,0.0
5vuJuBqwzHJgCA1ysRfwxZ,0.0,1.0,0.0,0.0
5wG3HvLhF6Y5KTGlK0IW3J,0.0,2.0,0.0,0.0
5x0zW1JcdON7Zli2umGEJg,0.0,3.0,0.0,0.0
5x3yh46amE0qXYT9k929Vq,0.0,1.0,0.0,0.0
5xEDRg4tI8ixoAvbrupsEg,0.0,2.0,0.0,0.0
5xQjhPfF0J455duKo2Bv9w,0.0,3.0,1.0,0.0
5xXkyBtG1sNIhkpCIxF0Il,0.0,2.0,0.0,0.0
5xdanQpwW6jc0ewrdKQvwV,0.0,2.0,0.0,0.0
5xoYormSTltk6F9SlQV6mm,0.0,2.0,0.0,0.0
5y1FCAhYarSCNO9I9hS82M,0.0,3.0,0.0,0.0
5yZ12swWHCmaWZJoFI8oW1,0.0,1.0,0.0,0.0
5yezqGSOStEpRtMPdvs36o,0.0,1.0,0.0,0.0
5zOL4uGMnn7WEcC9kEAi9h,0.0,1.0,0.0,0.0
60F6pgM6H6miNr5AmjxwjL,0.0,3.0,0.0,0.0
60SvhHtwefT0e2G7i7kOH3,0.0,3.0,1.0,0.0
62qGV0G7Nu2IEqL5sWKuSB,0.0,2.0,0.0,0.0
62tGzw9OJOwDcjPBnMPCuj,0.0,1.0,0.0,0.0
62xMPRoJMfjxfjtDpyx6QT,0.0,2.0,0.0,0.0
62zFcDLa1CjCY9yp6VO4ga,0.0,3.0,0.0,0.0
63Pi2NAx5yCgeLhCTOrEou,0.0,2.0,0.0,0.0
63badI5Aq5x7umSABgTkjy,0.0,2.0,0.0,0.0
63oDfrgZRgZrTJE88GGC5I,0.0,2.0,0.0,0.0
65OVbaJR5O1RmwOQx0875b,0.0,2.0,0.0,0.0
65iRUAYRhdT42BVbczzjJR,0.0,0.0,0.0,1.0
65krtHkaYLPr0mEbjL61UP,0.0,2.0,0.0,0.0
65okMHrX31lksWRLOykgoe,0.0,1.0,0.0,0.0
666PdikRnUzdvjT9p5wWND,2.0,3.0,0.0,0.0
66Xrbog1asKafw5MTpWxCb,0.0,3.0,0.0,0.0
66mVPWmFvXPFf8pjK5ttOW,0.0,2.0,0.0,0.0
66sXnauEpeLY52Em6hRIWg,0.0,0.0,0.0,1.0
66tkDkPsznE5zIHNt4QkXB,0.0,2.0,0.0,0.0
66wkCYWlXzSTQAfnsPBptt,0.0,2.0,0.0,0.0
67NZsoPPUhLksKo7lBzCTw,0.0,3.0,0.0,0.0
67XC51nlZncNpHmZ8rOU9a,0.0,2.0,0.0,0.0
68qeaZhtMZ6abrJCYt6nQn,0.0,2.0,0.0,0.0
69CFjk22pLHTZg11R9cKhF,0.0,1.0,0.0,0.0
69gz9onZQNVw55cMQsaYii,0.0,2.0,1.0,1.0
6AI3ezQ4o3HUoP6Dhudph3,0.0,2.0,0.0,0.0
6AOmVuYPC8WJN0hzZ1ODIj,0.0,2.0,1.0,0.0
6AcJTLIgNpxs5ERpo03QQc,0.0,2.0,0.0,0.0
6AdsNUCHZwSJAuhoLOVLR6,0.0,2.0,0.0,0.0
6AfnfhQ1eGCnnpOCFFuNgj,0.0,1.0,1.0,0.0
6BJbOXDlgVAXSaq6wYFYT2,0.0,2.0,0.0,0.0
6BQrmjAgPfPTwILoFEK3Hd,0.0,1.0,1.0,0.0
6BU1RZexmvJcBjgagVVt3M,1.0,3.0,0.0,0.0
6Brf1TFc4rod14G5EBajOf,0.0,2.0,0.0,0.0
6BxBHWrPsq7k7E177LSC34,0.0,0.0,0.0,1.0
6CcJMwBtXByIz4zQLzFkKc,0.0,3.0,1.0,0.0
6CmpZfKUQ2KerzBFZ3QKFr,0.0,2.0,0.0,0.0
6D3pJ7Hym3lCAXLSvKcyOm,0.0,0.0,0.0,1.0
6DLTeTBxZj90toJs3XcjxJ,0.0,0.0,0.0,1.0
6DLxjdWiRqMs3YbigtFsiV,0.0,1.0,0.0,0.0
6DRVOxGhpY0sGajzDBUAoX,0.0,2.0,0.0,0.0
6DUKQUhWqUySYngLXLNwP2,1.0,3.0,1.0,0.0
6Ec5LeRzkisa5KJtwLfOoW,0.0,2.0,0.0,0.0
6Ed1q0X8oSKSm4IIhiQbYg,0.0,2.0,0.0,0.0
6FBzhcfgGacfXF3AmtfEaX,0.0,2.0,0.0,0.0
6FdoJvnwNPxALTHS2BP0cT,0.0,2.0,0.0,0.0
6GCcY6dVDVGxo52OZq9HVW,0.0,2.0,0.0,0.0
6GqJogKIZNBzdPYqzv8Ipg,0.0,3.0,0.0,0.0
6GtOsEzNUhJghrIf6UTbRV,0.0,2.0,0.0,0.0
6GxEbeOGYVqnxiDruLpZSW,0.0,1.0,0.0,0.0
6GyFP1nfCDB8lbD2bG0Hq9,0.0,1.0,0.0,0.0
6HZILIRieu8S0iqY8kIKhj,0.0,2.0,0.0,0.0
6Hfu9sc7jvv6coyy2LlzBF,0.0,2.0,0.0,0.0
6IM45SqAURH6PrvziDs1RQ,0.0,3.0,1.0,0.0
6IRzBP4gVoV4D2zHmocoWy,1.0,3.0,1.0,1.0
6IZvVAP7VPPnsGX6bvgkqg,0.0,2.0,0.0,0.0
6Ijmj8Z0L31hCp5pLZnT5U,0.0,2.0,0.0,0.0
6K4t31amVTZDgR3sKmwUJJ,1.0,3.0,0.0,0.0
6KhDb86ThnlKirRw1UBZGb,0.0,2.0,0.0,0.0
6KrD8KMqCSd2TxCpGeAcCV,0.0,3.0,0.0,0.0
6KuXb26rHuRy3ZDse1VRmx,0.0,2.0,0.0,0.0
6L1xZIyw9U8kICunpmDvq4,0.0,3.0,0.0,0.0
6LNoArVBBVZzUTUiAX2aKO,0.0,2.0,0.0,0.0
6LUGvXEAK8WxIBYK43uoTb,0.0,2.0,0.0,0.0
6LyAwkJsHlW7RQ8S1cYAtM,0.0,2.0,0.0,0.0
6MEDfjHxnVNcYmHe3mM6L2,0.0,2.0,0.0,0.0
6N4WUdbz6HVKy6u6JX1KqK,0.0,2.0,0.0,0.0
6N62mjYooOWpfGlQrYu1Oo,0.0,3.0,0.0,0.0
6N6uTt8e1vLLgIZK5FgSYh,0.0,1.0,0.0,0.0
6NJP2X1aKlaqeVDWeAyDgX,0.0,1.0,0.0,0.0
6NLRMu1qF1kJQnntDNWDmy,0.0,1.0,0.0,0.0
6NMtzpDQBTOfJwMzgMX0zl,0.0,3.0,0.0,0.0
6NVpoSDTOFzSlMMDbTXtBs,0.0,3.0,0.0,0.0
6ObrgpMG4oDRavKdfIZFyx,0.0,2.0,0.0,0.0
6PKoUpo9sis5LWkMXSck6f,1.0,3.0,1.0,0.0
6QdnKD1zwEgyOWtkrdzlOF,0.0,2.0,0.0,0.0
6QeYSvYqYUsfBzsApbjDHO,1.0,3.0,0.0,1.0
6R7kT8LRDEeQIuXYyYDENc,0.0,1.0,1.0,0.0
6REbwUNlppTfcnV4d4ZoZi,0.0,2.0,0.0,0.0
6RJTQlCfG4K5wDhZB47Dg6,0.0,3.0,0.0,0.0
6RZmhpvukfyeSURhf4kZ0d,2.0,3.0,0.0,0.0
6SMmN2hMqqO9tDqhOXDROG,0.0,2.0,0.0,0.0
6SOJwznM9EuhsspI20Xk0Z,0.0,2.0,0.0,0.0
6SPgp2qK3fb4wPX1SldrNf,0.0,2.0,0.0,0.0
6SmV1Oo24nCZBPzIYkL4HZ,0.0,3.0,1.0,0.0
6T6xt8yO6znhdN4TO6JDrw,0.0,2.0,0.0,0.0
6TGd66r0nlPaYm3KIoI7ET,0.0,3.0,1.0,0.0
6TRjT37UyRUVrGg3gTlIqb,0.0,2.0,0.0,0.0
6VR1IiEjVIlXq3yIIqQAuE,0.0,3.0,0.0,0.0
6VSrmV0S4AzvaIIQogbaaE,0.0,0.0,0.0,1.0
6VmAYgm2sGfDyGWs4K5rQO,0.0,0.0,0.0,1.0
6Vp7S4eymTneimeSuq8SYO,0.0,1.0,0.0,0.0
6WCXBUFa0z3l9DoOY3k5Xe,2.0,3.0,0.0,0.0
6WZ2HHv1VUeRzv3ZnirZsW,0.0,3.0,0.0,0.0
6X1e8vitsmstMQIC2wrETx,0.0,2.0,0.0,0.0
6X2Kjn7DZmLXFmeSTyRpU6,0.0,1.0,0.0,0.0
6Y9poL3C3oLKG69xB5wBoR,0.0,1.0,0.0,0.0
6YGVK9xgH2LI4Ghw6gqUxx,0.0,2.0,0.0,0.0
6YYEmo7bXvYRqEAsBSqk1b,0.0,1.0,0.0,0.0
6YhOH4exiZYD1XRrCFTMns,0.0,1.0,0.0,0.0
6Yqmv7XJLCrQEauMbPGZSw,0.0,1.0,0.0,0.0
6YtI3M2uyK9JfS6LNmufN3,0.0,3.0,0.0,0.0
6Yu1OL8I0D4vjOzYdsXYGK,2.0,3.0,1.0,2.0
6ZCFo1CzI0CCIyGT4ujEVt,0.0,2.0,0.0,0.0
6ZdAsADC9LIICvsVRuGWbZ,0.0,2.0,0.0,0.0
6a7su3dkJJXidSuFiowJC2,0.0,3.0,0.0,0.0
6aFxp3szJUOyI8MSDBKbFB,0.0,3.0,0.0,0.0
6alrglJpdJiu3EKqWqQPol,0.0,2.0,0.0,0.0
6anUe12pE0PeJEu1IZJ2at,0.0,2.0,0.0,0.0
6b3jpETusV4wSwZKCBtW2r,0.0,3.0,0.0,0.0
6b5P51m8xx2XA6U7sdNZ5E,0.0,2.0,0.0,0.0
6bnF93Rx87YqUBLSgjiMU8,0.0,2.0,0.0,0.0
6cEgy2Sw0pQWxWxOCa89Dv,0.0,1.0,0.0,0.0
6cXSHVkmsCPJ30OWaqwly5,0.0,0.0,0.0,1.0
6cYGpGmnMeK9qWhRpaZOZ5,0.0,2.0,0.0,0.0
6cZ7aS2UC3hfUyqJhwHb4G,0.0,2.0,0.0,0.0
6cnw3JOLMgBYA2PLydO8mU,1.0,1.0,1.0,0.0
6d9Cs2D2RSIl9c0ulgnFe8,0.0,3.0,1.0,0.0
6dBUzqjtbnIa1TwYbyw5CM,0.0,3.0,0.0,1.0
6dZg0S14kE0UEwkexyPp5v,0.0,1.0,0.0,0.0
6deIQBN1orN0bHQUo62key,0.0,3.0,0.0,0.0
6dmZu0IVmbT1rDIiYiRchg,0.0,2.0,0.0,0.0
6doY5sLPHdE4g7RUQdYSz6,0.0,2.0,0.0,0.0
6dxX736Rq8kUuTkODsm6hU,0.0,0.0,0.0,1.0
6etwirSInfuJrSOlogS6Sh,0.0,2.0,0.0,0.0
6ewQE1dNPv9qqlnB1CxrvM,0.0,2.0,0.0,0.0
6ewcR0FnLdKjIt9gcMghrQ,0.0,2.0,1.0,0.0
6fACn9e0wdMIWZa9CZJym8,0.0,2.0,0.0,0.0
6gExa9cxGhE0TFvhcZrVfe,0.0,1.0,0.0,0.0
6gY6HikW4HpczY2aJzLAO8,0.0,2.0,0.0,0.0
6gi6y1xwmVszDWkUqab1qw,0.0,2.0,0.0,0.0
6gkXRvq7zdF5tupL7wpXXo,0.0,2.0,0.0,0.0
6gn1jvInLQ352xxZEjPGz4,0.0,1.0,0.0,0.0
6h2mvdVkKnZLvj3AcmcSxG,0.0,3.0,0.0,0.0
6hCHlNGUPq5nAUSVPGPEhT,0.0,1.0,0.0,0.0
6hFCYEsih39ZT7qGtk3Whz,0.0,2.0,0.0,0.0
6hgoksQIyGjj08GXlnpkOi,0.0,3.0,0.0,0.0
6hjVajm2JfjhXs803HqqMO,0.0,3.0,0.0,0.0
6hyDONyubATZ5eimv7ll62,0.0,2.0,0.0,0.0
6hzbRKhJHo6cfCHSnNaDS8,0.0,2.0,1.0,1.0
6iycYUk3oB0NPMdaDUrN1w,0.0,2.0,0.0,0.0
6jTVUFYcN7joyjk66l1pqz,0.0,1.0,0.0,0.0
6jbYpRPTEFl1HFKHk1IC0m,0.0,2.0,0.0,0.0
6jgkEbmQ2F2onEqsEhiliL,0.0,2.0,0.0,0.0
6jmvJ2cUbImtirxo8U5Qb9,0.0,2.0,0.0,0.0
6kDyRP48g1KWahq8irqZF9,0.0,3.0,0.0,1.0
6kWxIqQDsKFYCJGbU4AjCX,0.0,3.0,1.0,0.0
6keyBQK6pA0OApRfM1f0dp,0.0,2.0,0.0,0.0
6lFrcFMDMwWFuwObDyLvku,0.0,3.0,0.0,0.0
6lYY2HktYKpV1pUamfRlU1,0.0,2.0,0.0,0.0
6lnnaGN20kl0jEYJSxCgU9,1.0,3.0,1.0,2.0
6mHZtdwLdpccyVq4Dcsd3T,0.0,2.0,0.0,0.0
6mVJ09ezga1pFGvDTjJokj,1.0,0.0,0.0,0.0
6o6cIHT9YvlrUD2bOHo4hB,0.0,2.0,0.0,0.0
6oTZCn2Wp55AbjcmhkiOfk,0.0,1.0,0.0,0.0
6orR1gtNeGiZ6z61ft7nfX,0.0,3.0,0.0,0.0
6p0Ai6wRjz9CmjqkhoKOwf,0.0,1.0,0.0,0.0
6pMRk6Tr05wmZSSINOqzE3,1.0,3.0,1.0,0.0
6pbc2fgjCAytpv46TW9PUC,0.0,3.0,0.0,0.0
6pp8zxnDmbg6Ih4mRf9TpO,0.0,2.0,0.0,0.0
6pxHjkpwGmg97Yn5HcwNTn,0.0,2.0,0.0,0.0
6qB9yoNOm0jDkuxExif5AJ,0.0,3.0,0.0,0.0
6qZjm61s6u8Ead9sWxCDro,0.0,3.0,1.0,1.0
6qbieXHVuCIIlzi55j6E5i,0.0,1.0,0.0,0.0
6qi0vMwfN9qRh8wzrOyvp7,0.0,2.0,0.0,0.0
6rY5FAWxCdAGllYEOZMbjW,1.0,3.0,0.0,0.0
6so7pMCIBIBytE0JhgFBO1,0.0,2.0,0.0,0.0
6t2gHlvw7kTK6M7M5f7S6K,0.0,2.0,0.0,0.0
6tDDoYIxWvMLTdKpjFkc1B,1.0,3.0,1.0,0.0
6tEDVltkxdvZqS9jtXwXRA,0.0,3.0,0.0,0.0
6tQRJOdyfmuTs923X73SCT,0.0,3.0,0.0,0.0
6tZnlnmXrCvmfZ7X1X143w,0.0,2.0,1.0,0.0
6vAg7qqbiIrQhQtxPegLw1,0.0,2.0,0.0,0.0
6vjpQIdABqntoe3zPazPec,0.0,2.0,0.0,0.0
6w9GrSUaQQIaMBYtabge7p,0.0,2.0,0.0,1.0
6wgd4M4GP6NQr5RRiIO0FR,1.0,3.0,0.0,0.0
6wsqVwoiVH2kde4k4KKAFU,0.0,2.0,0.0,0.0
6y4ySPeb68KGoAi1dk130F,3.0,3.0,1.0,0.0
6yANzxMz52hOICHdkNqQS5,0.0,2.0,0.0,0.0
6yIjtVtnOBeC8SwdVHzAuF,0.0,1.0,0.0,0.0
6zJ68ym0Buv2TpuUu8tw9A,0.0,2.0,1.0,0.0
6zZvy88xp6FIjJKhqwnJeQ,0.0,2.0,0.0,0.0
6zighguqcbLmsrB1fV4QdF,0.0,1.0,0.0,0.0
709ZIqPHyFOpx2QdjmeWAM,0.0,1.0,0.0,0.0
70LcF31zb1H0PyJoS1Sx1r,0.0,2.0,0.0,0.0
718purgMpFb2Axhuz0Hbq1,0.0,3.0,0.0,0.0
71nTuAxYABUl7uLG9R7lZ6,0.0,1.0,0.0,0.0
7237dJZuhEJ8VyUCod4Z8k,0.0,0.0,0.0,1.0
7258RgJsvjUv8nEfAHAbXQ,0.0,1.0,0.0,0.0
72cGBEqu7RitIOoACXYjfR,0.0,3.0,0.0,1.0
72jMVjt3xSqiUnqruhvGGW,0.0,2.0,0.0,0.0
73AOeqcoh6tBOVtyIVbHh6,0.0,3.0,0.0,0.0
73ycOMnODtUc2Ggj6EfCpO,0.0,2.0,0.0,0.0
745cywuJyLqHZxXJMjmBFP,0.0,0.0,0.0,1.0
74L1olIJZQKMDufUKgRTiu,0.0,1.0,1.0,0.0
74tLlkN3rgVzRqQJgPfink,0.0,1.0,0.0,0.0
754UXtyMRlCRteYcJzDVYP,0.0,3.0,0.0,0.0
75IQVo8hqI1iwVZyvkN2VT,0.0,2.0,0.0,0.0
75NyWCr7mmj02H77bmXp5e,0.0,1.0,0.0,0.0
75g0xZlJmJiNJbe5sp9xQK,0.0,1.0,0.0,0.0
7687SRdfRe14M8H1uo829W,0.0,1.0,0.0,0.0
76PBQFygjFG4HqSumD5KfH,0.0,0.0,0.0,1.0
76XDNJIQpP9WGO5XASGBww,0.0,1.0,0.0,0.0
76vbQVnCEHe02OP4EWvApz,0.0,2.0,0.0,0.0
76vnbFYXLxoaJq6ee2Q5VM,0.0,2.0,0.0,0.0
76yJsfb1CUy5Um8nFL7jKQ,0.0,2.0,0.0,0.0
773SxbeKcEPZeSELCc0aYa,0.0,1.0,0.0,0.0
77UXyXy6qie0sOtLdEIH4A,0.0,1.0,1.0,0.0
787rCZF9i4L1cXGMkdyIk4,0.0,2.0,0.0,0.0
78Gzxi27GuNHTfkn2BylG4,1.0,3.0,1.0,2.0
78SR3uKM8liycwwuLky8ub,0.0,3.0,0.0,0.0
78oIDxTChs1EJrQwUc931r,0.0,3.0,1.0,0.0
797VSqbtTiNuxMFIgcGAuo,0.0,2.0,0.0,0.0
79EVtighsMYkWahVb9MnF8,0.0,2.0,0.0,0.0
79chzfFIIq7cHkqcYYORk0,1.0,3.0,0.0,0.0
79mEFisvTUZcVGUxPM0dYc,0.0,2.0,0.0,0.0
7A6f6HJqsl5UdG7kBXzXSf,0.0,3.0,1.0,0.0
7AWpVeMEunCOjCCox2Qq42,0.0,0.0,0.0,1.0
7AzlLxHn24DxjgQX73F9fU,0.0,2.0,0.0,0.0
7BDco92BzFxjd3BG0mWYhj,0.0,3.0,1.0,0.0
7BRD7x5pt8Lqa1eGYC4dzj,0.0,2.0,0.0,0.0
7BXhyXma11NSNQlQDZOgiN,0.0,2.0,0.0,0.0
7BgyWwbbybJr2IbQoI1gzH,0.0,2.0,0.0,0.0
7BoDVn3x3dQmVMJyfBIn2b,0.0,1.0,0.0,0.0
7BxQJTzBjhfpx8PVT1qASg,1.0,3.0,0.0,0.0
7CC6UbCs4iGsePSzFxYxNn,0.0,2.0,0.0,0.0
7CH99b2i1TXS5P8UUyWtnM,0.0,2.0,0.0,0.0
7COiiObIVJIdBcW3J43Iy2,0.0,2.0,0.0,0.0
7CQ2IUALMZScQUbpdiSxdk,0.0,2.0,0.0,0.0
7CmnSuJwVeBLC5dS7bXcA6,0.0,2.0,0.0,0.0
7D0RhFcb3CrfPuTJ0obrod,0.0,2.0,0.0,0.0
7DY756WOLyOz2Xnhw4EFiC,0.0,2.0,0.0,0.0
7DfFc7a6Rwfi3YQMRbDMau,0.0,2.0,0.0,0.0
7DpUoxGSdlDHfqCYj0otzU,0.0,2.0,1.0,1.0
7EAQfy8KYXbx2UqNF4envA,0.0,3.0,1.0,1.0
7EkWXAI1wn8Ii883ecd9xr,0.0,2.0,0.0,0.0
7EqgmAtc8R9eH17aUayxL8,9.0,3.0,1.0,0.0
7F02x6EKYIQV3VcTaTm7oN,0.0,2.0,0.0,0.0
7FJ7lHtpbWvPKe3zCoeAWC,0.0,2.0,0.0,0.0
7GALElZRLEkzaxZJ7TA0I3,0.0,3.0,0.0,0.0
7GApeoo08HHJ70980XyPZz,0.0,2.0,0.0,0.0
7GVuAK4EmYP7gvlXA4JXqU,0.0,2.0,0.0,0.0
7GX5flRQZVHRAGd6B4TmDO,0.0,3.0,0.0,0.0
7H0ya83CMmgFcOhw0UB6ow,0.0,1.0,0.0,0.0
7H7NyZ3G075GqPx2evsfeb,0.0,2.0,0.0,0.0
7HxmrxySFNFu5ppnTDdNPv,1.0,3.0,0.0,0.0
7I21ZX7i85smsQFYeePTG6,0.0,1.0,0.0,0.0
7J4EeyDpz2z8LuDFTuxskK,0.0,3.0,0.0,0.0
7JEzAlwHhCD2M1cYE6BeqJ,0.0,3.0,0.0,0.0
7JaX3X1cPBAGoTs4V1P4uy,0.0,1.0,0.0,0.0
7KA4W4McWYRpgf0fWsJZWB,0.0,3.0,0.0,0.0
7KGHenqXZofXNm5MKDbT3J,0.0,3.0,0.0,0.0
7KPr0YxECy4Q1k2F17Sa0Q,0.0,1.0,0.0,0.0
7KXjTSCq5nL1LoYtL7XAwS,0.0,2.0,0.0,0.0
7KZ5MMVgBVox9ycroB2UrI,0.0,2.0,0.0,0.0
7Ks4VCY1wFebnOdJrM13t6,0.0,2.0,1.0,0.0
7LG2qp99UEd1EYwOqHbK6f,0.0,2.0,0.0,0.0
7M9KrNR2eHNcYXtpr3kUOQ,0.0,0.0,0.0,1.0
7MXVkk9YMctZqd1Srtv4MB,0.0,3.0,0.0,0.0
7MjSipTto9QljYzZnloXOn,0.0,2.0,0.0,0.0
7MymfrMZA1B8cJbAPNAmIz,0.0,0.0,0.0,1.0
7aJDtyNcnlx8a1P60uqmNn,0.0,2.0,0.0,0.0
7aqkklKJ0EB7IZwUEOkEHT,0.0,2.0,0.0,0.0
7aqmWmJqahTatuuDVXVzUp,0.0,2.0,0.0,0.0
7atjiPsmGMufoFBfmsh0FI,0.0,0.0,0.0,1.0
7b9FXvaDafdfqKuoq9ai5Q,0.0,3.0,0.0,0.0
7bUFAdnKK8CxEWWyzdopo0,0.0,3.0,0.0,0.0
7bd0BC9RNR6GxJsM3pRwBw,0.0,2.0,0.0,0.0
7bfocP7GYoLOutUYpTI8tx,1.0,3.0,0.0,1.0
7bxaFZ1O3cHkgLKMsdC3xR,1.0,3.0,0.0,0.0
7c378mlmubSu7NGkLFa4sN,0.0,2.0,0.0,0.0
7cMFjxhbXBpOlais7KMF3j,0.0,2.0,1.0,0.0
7cSLD89y304ZvX4mVhYVfw,0.0,2.0,0.0,0.0
7cjCNwAwKNjgxfjt1TzK4e,0.0,2.0,1.0,0.0
7d23MhPFE9eB3U8DPRirnL,0.0,2.0,0.0,0.0
7dGzHvGAlJYK0U3I5RGxBH,0.0,2.0,0.0,0.0
7eClhHlXfHnMwZdR281GlK,0.0,3.0,0.0,1.0
7eFjuGcoY8Wzhz7K2v7hm0,0.0,0.0,0.0,1.0
7eWGnKg4B44sbBPpQp4y2c,0.0,2.0,0.0,0.0
7eX5SypK35V8Y9d9pS6rWy,0.0,3.0,1.0,0.0
7egu63DOhNpivWOpGtzqGS,0.0,2.0,0.0,0.0
7fJM4XjW6m30iPxPxKeGpb,0.0,1.0,0.0,0.0
7fdVQlYSVj0LoILDPwSgKe,0.0,0.0,0.0,1.0
7g7XzVBrBIH8pBi3jkMg7G,0.0,2.0,0.0,0.0
7ghKr0pCYyPPyp7t1FH8k4,0.0,3.0,0.0,0.0
7hHDqtnRbqR8ImuenaeSyh,0.0,3.0,0.0,0.0
7hg52WHCnsGOxMLhcdOqN2,0.0,0.0,0.0,1.0
7hoMby8vBt3ydgNqK3MxHk,0.0,2.0,0.0,0.0
7iC56CDz8miPDKaH0OEIqS,0.0,2.0,0.0,0.0
7ir53GejsllTlXCD6V8kZm,0.0,0.0,0.0,1.0
7j3758mGOPLkd7UQsmbWYg,0.0,2.0,0.0,0.0
7j6PWLaubVavCLE4peea8S,0.0,2.0,0.0,0.0
7j6sSL37emSIUAcfmI1iMa,0.0,0.0,0.0,1.0
7jYUaoOfdcYgUvkK8NnFfx,0.0,2.0,0.0,0.0
7lAK3oHbfEnvUQWosrMMpR,0.0,3.0,0.0,0.0
7lj0vXLgWbyB0BvCsk22hn,0.0,3.0,1.0,0.0
7lpz1qjYfNG9FTvjohI3vO,0.0,1.0,0.0,0.0
7lsYGc5H5DHktxO7gbB8bN,0.0,2.0,0.0,0.0
7lu6YLrlB1MU7HW8DJSuPa,1.0,3.0,1.0,0.0
7mTX3lLefs0YFP5x4VdkFM,0.0,3.0,0.0,0.0
7mYZFn9oXdNRKPNlql1urd,0.0,2.0,0.0,0.0
7nmtH3cyqEmKz8F09V60yO,0.0,3.0,1.0,0.0
7oDbkGSI3IRzKmhrTiQdID,0.0,2.0,0.0,0.0
7oLF06ARRESViaeO2ldHq9,0.0,1.0,0.0,0.0
7oWfVUCRZdTU1NfhvhSKVK,0.0,1.0,0.0,0.0
7oaEjLP2dTJLJsITbAxTOz,0.0,1.0,0.0,0.0
7ogJ1jO41fzk8iwlyxNZoK,0.0,2.0,0.0,0.0
7pas6O1LYbaeChEFQBhPFU,0.0,2.0,0.0,0.0
7qOQyMEvRItw7wefYNjsM2,0.0,3.0,0.0,0.0
7qU7vhCPKhkDiJYGoboISc,0.0,2.0,0.0,0.0
7r7yAFxq6CwakQB5NrJskh,0.0,3.0,1.0,1.0
7rZeCLBcluVTGfwamW8osC,0.0,1.0,1.0,0.0
7rbECVPkY5UODxoOUVKZnA,0.0,2.0,0.0,0.0
7rbalRuIx7sIXFHYTphE0n,0.0,2.0,0.0,0.0
7sEnjOJydpPeYjt2csODOj,0.0,2.0,0.0,0.0
7sGdMqCJqey5wbLCaGIRSw,0.0,3.0,0.0,0.0
7sVbKoBdhXtYCEOO6qC1SN,0.0,2.0,0.0,0.0
7szuecWAPwGoV1e5vGu8tl,0.0,3.0,1.0,1.0
7tFI5cqfAoR7MIvmbw1qd8,0.0,2.0,0.0,0.0
7tvz58QxYKRLDpGn53i8TG,0.0,3.0,0.0,0.0
7u16shQIzd0EXVZQTAc1Oj,0.0,2.0,0.0,0.0
7uEFboafVLvROPYTqdMi0n,0.0,2.0,0.0,0.0
7uFZNMEZzAGOwQ6EZID1K4,1.0,3.0,0.0,0.0
7uGrdyEErKPSA3oiJQHxQ6,0.0,2.0,0.0,0.0
7uH0aWmnjKFHJVRRXZqQln,0.0,3.0,0.0,0.0
7uJH0YdSZL6psjxI6Xy08b,0.0,2.0,0.0,0.0
7unx2Rvsq8D0RfOLRXclTA,0.0,2.0,0.0,0.0
7v5UK0feywwgfvPQOhoONp,0.0,3.0,0.0,0.0
7v5krue08WRpBP5JWngLZc,0.0,3.0,0.0,0.0
7v9Q0dAb9t7h8gJOkcJHay,0.0,2.0,0.0,0.0
7w0BSw2zbz5k2YY7FOAsSm,0.0,2.0,0.0,0.0
7w0uMCTE1TBIGfUYIYYjuL,0.0,1.0,0.0,0.0
7w87IxuO7BDcJ3YUqCyMTT,0.0,2.0,0.0,0.0
7wBJfHzpfI3032CSD7CE2m,0.0,3.0,0.0,0.0
7wDS97BOICB0iFbFEHh2Ne,0.0,1.0,0.0,0.0
7wvwXi9Z66dcH5t202vVkN,0.0,1.0,0.0,0.0
7x55X0JW8JHz7alDVUG5FH,0.0,2.0,1.0,0.0
7xcUWyLh6fIMsYjoVI7NnZ,0.0,0.0,1.0,0.0
7yNK27ZTpHew0c55VvIJgm,0.0,2.0,0.0,0.0
7yNf9YjeO5JXUE3JEBgnYc,0.0,2.0,0.0,0.0
7ycWLEP1GsNjVvcjawXz3z,0.0,2.0,0.0,0.0
7zCp10FIJR8C2zHphm2luQ,0.0,1.0,0.0,0.0
7zIqf285TwfJu4COFQHB02,0.0,1.0,0.0,0.0
7zpHInsypgrnY9zTeCXtI4,0.0,2.0,0.0,0.0
7zwn1eykZtZ5LODrf7c0tS,0.0,3.0,0.0,0.0
